dia;mes;ano;tempo;trat;sist;local;n;ID;area total;D1;D2;D3;D4;D5;D6;rosa;morto;cor;dia_exp;temp
13;2;2023;0;C;1;P;1;C1P1;22.289;0;0;0;0;22.289;0;0;0;D5;1;27.05
13;2;2023;0;C;1;R;1;C1R1;31.178;0;0;0;0;31.178;0;0;0;D5;1;27.05
13;2;2023;0;C;1;F;1;C1F1;44.349;0;0;44.349;0;0;0;0;0;D3;1;27.05
13;2;2023;0;C;1;R;2;C1R2;30.495;0;2.947;0;27.548;0;0;0;0;D4;1;27.05
13;2;2023;0;C;1;P;2;C1P2;24.087;0;0;0;0;24.087;0;0;0;D5;1;27.05
13;2;2023;0;C;1;F;2;C1F2;21.912;0;0;0;0;21.912;0;0;0;D5;1;27.05
13;2;2023;0;C;1;P;3;C1P3;23.335;0;0;0;0;23.335;0;0;0;D5;1;27.05
13;2;2023;0;C;1;F;3;C1F3;28.245;0;0;0;0;28.245;0;0;0;D5;1;27.05
13;2;2023;0;C;1;R;3;C1R3;24.137;0;0.761;0;23.376;0;0;0;0;D4;1;27.05
13;2;2023;0;C;1;F;4;C1F4;30.658;0;0;0;30.658;0;0;0;0;D4;1;27.05
13;2;2023;0;C;1;R;4;C1R4;22.015;0;0;0;22.015;0;0;0;0;D4;1;27.05
13;2;2023;0;C;1;P;4;C1P4;39.768;0;0;0;0;39.768;0;0;0;D5;1;27.05
13;2;2023;0;A;2;R;9;A2R9;17.328;0;1.837;15.491;0;0;0;0;0;D3;1;27.26
13;2;2023;0;A;2;F;9;A2F9;24.811;0;0;0;0;24.811;0;0;0;D5;1;27.26
13;2;2023;0;A;2;P;9;A2P9;18.645;0;0;0;0;18.645;0;0;0;D5;1;27.26
13;2;2023;0;A;2;F;10;A2F10;20.165;0;0;0;20.165;0;0;0;0;D4;1;27.26
13;2;2023;0;A;2;R;10;A2R10;38.991;0;0;0;38.991;0;0;0;0;D4;1;27.26
13;2;2023;0;A;2;P;10;A2P10;39.887;0;0;0;0;39.887;0;0;0;D5;1;27.26
13;2;2023;0;A;2;P;11;A2P11;20.342;0;0;0;0;20.342;0;0;0;D5;1;27.26
13;2;2023;0;A;2;R;11;A2R11;38.423;0;0;38.423;0;0;0;0;0;D3;1;27.26
13;2;2023;0;A;2;F;11;A2F11;21.697;0;0;0;0;21.697;0;0;0;D5;1;27.26
13;2;2023;0;A;2;F;12;A2F12;40.13;0;0;0;0;40.13;0;0;0;D5;1;27.26
13;2;2023;0;A;2;P;12;A2P12;29.535;0;0;0;0;29.535;0;0;0;D5;1;27.26
13;2;2023;0;A;2;R;12;A2R12;19.623;0;0;0;19.623;0;0;0;0;D3;1;27.26
13;2;2023;0;A;3;F;13;A3F13;49.516;0;0;0;0;0;49.516;0;0;D6;1;27.26
13;2;2023;0;A;3;P;13;A3P13;20.047;0;0;0;0;20.047;0;0;0;D5;1;27.26
13;2;2023;0;A;3;R;13;A3R13;34.682;0;0;34.682;0;0;0;0;0;D3;1;27.26
13;2;2023;0;A;3;P;14;A3P14;23.778;0;0;0;0;23.778;0;0;0;D5;1;27.26
13;2;2023;0;A;3;R;14;A3R14;15.152;0;0;0;15.152;0;0;0;0;D4;1;27.26
13;2;2023;0;A;3;F;14;A3F14;14.96;0;0;0;0;14.96;0;0;0;D5;1;27.26
13;2;2023;0;A;3;F;15;A3F15;26.839;0;0;0;26.839;0;0;0;0;D4;1;27.26
13;2;2023;0;A;3;P;15;A3P15;39.371;0;0;0;0;39.371;0;0;0;D5;1;27.26
13;2;2023;0;A;3;R;15;A3R15;40.255;0;0;0;40.255;0;0;0;0;D4;1;27.26
13;2;2023;0;A;3;R;16;A3R16;52.346;0;0;0;52.346;0;0;0;0;D4;1;27.26
13;2;2023;0;A;3;F;16;A3F16;38.533;0;0;0;38.533;0;0;0;0;D4;1;27.26
13;2;2023;0;A;3;P;16;A3P16;25.188;0;0;0;0;25.188;0;0;0;D5;1;27.26
13;2;2023;0;C;4;F;5;C4F5;30.984;0;0;0;30.984;0;0;0;0;D4;1;27.05
13;2;2023;0;C;4;R;5;C4R5;35.375;0;0;35.375;0;0;0;0;0;D3;1;27.05
13;2;2023;0;C;4;P;5;C4P5;29.611;0;0;0;0;29.611;0;0;0;D5;1;27.05
13;2;2023;0;C;4;R;6;C4R6;36.982;0;0;0;36.982;0;0;0;0;D4;1;27.05
13;2;2023;0;C;4;F;6;C4F6;32.821;0;0;0;32.821;0;0;0;0;D4;1;27.05
13;2;2023;0;C;4;P;6;C4P6;24.297;0;0;0;24.297;0;0;0;0;D4;1;27.05
13;2;2023;0;C;4;R;7;C4R7;36.739;0;0;36.739;0;0;0;0;0;D3;1;27.05
13;2;2023;0;C;4;P;7;C4P7;46.071;0;0;0;0;46.071;0;0;0;D5;1;27.05
13;2;2023;0;C;4;F;8;C4F8;40.991;0;0;40.991;0;0;0;0;0;D3;1;27.05
13;2;2023;0;C;4;P;8;C4P8;29.813;0;0;0;0;29.813;0;0;0;D5;1;27.05
13;2;2023;0;C;4;F;7;C4F7;33.61;0;0;0;25.864;0;7.746;0;0;D4;1;27.05
13;2;2023;0;C;4;R;8;C4R8;42.419;0;0;0;42.419;0;0;0;0;D4;1;27.05
13;2;2023;0;A;5;P;17;A5P17;31.856;0;0;0;0;31.856;0;0;0;D5;1;27.26
13;2;2023;0;A;5;F;17;A5F17;33.529;0;0;0;0;33.529;0;0;0;D5;1;27.26
13;2;2023;0;A;5;R;17;A5R17;42.187;0;0;42.187;0;0;0;0;0;D3;1;27.26
13;2;2023;0;A;5;F;18;A5F18;26.575;0;0;0;26.575;0;0;0;0;D4;1;27.26
13;2;2023;0;A;5;R;18;A5R18;27.137;0;0;0;27.137;0;0;0;0;D4;1;27.26
13;2;2023;0;A;5;P;18;A5P18;21.795;0;0;0;0;21.795;0;0;0;D5;1;27.26
13;2;2023;0;A;5;R;19;A5R19;41.355;0;0;0;41.355;0;0;0;0;D4;1;27.26
13;2;2023;0;A;5;P;19;A5P19;25.126;0;0;0;0;0;25.126;0;0;D6;1;27.26
13;2;2023;0;A;5;F;19;A5F19;37.668;0;0;0;37.668;0;0;0;0;D4;1;27.26
13;2;2023;0;A;5;F;20;A5F20;18.363;0;0;0;0;18.363;0;0;0;D5;1;27.26
13;2;2023;0;A;5;P;20;A5P20;23.994;0;0;0;23.994;0;0;0;0;D4;1;27.26
13;2;2023;0;A;5;R;20;A5R20;23.16;0;0;23.16;0;0;0;0;0;D3;1;27.26
18;2;2023;1;C;1;P;1;C1P1;22.745;0;0;0;0;22.745;0;0;0;D5;6;27.17
18;2;2023;1;C;1;R;1;C1R1;31.571;0;0;0;0;31.571;0;0;0;D5;6;27.17
18;2;2023;1;C;1;F;1;C1F1;46.327;0;0;0;46.327;0;0;0;0;D4;6;27.17
18;2;2023;1;C;1;R;2;C1R2;32.062;0;3.599;0;28.463;0;0;0;0;D4;6;27.17
18;2;2023;1;C;1;P;2;C1P2;19.924;0;0;0;0;19.924;0;0;0;D5;6;27.17
18;2;2023;1;C;1;F;2;C1F2;25.18;0;0;0;0;25.18;0;0;0;D5;6;27.17
18;2;2023;1;C;1;P;3;C1P3;19.571;0;0;0;0;19.571;0;0;0;D5;6;27.17
18;2;2023;1;C;1;F;3;C1F3;30.958;0;0;0;0;30.958;0;0;0;D5;6;27.17
18;2;2023;1;C;1;R;3;C1R3;22.609;0;0;0;22.609;0;0;0;0;D4;6;27.17
18;2;2023;1;C;1;F;4;C1F4;32.156;0;0;0;32.156;0;0;0;0;D4;6;27.17
18;2;2023;1;C;1;R;4;C1R4;15.837;0;0;0;15.837;0;0;0;0;D4;6;27.17
18;2;2023;1;C;1;P;4;C1P4;36.673;0;0;0;0;36.673;0;0;0;D5;6;27.17
18;2;2023;1;A;2;R;9;A2R9;16.199;0;0;0;16.199;0;0;0;0;D4;6;31.58
18;2;2023;1;A;2;F;9;A2F9;20.489;0;0;0;20.489;0;0;0;0;D4;6;31.58
18;2;2023;1;A;2;P;9;A2P9;17.426;0;0;0;0;17.426;0;0;0;D5;6;31.58
18;2;2023;1;A;2;F;10;A2F10;22.2;0;0;22.2;0;0;0;0;0;D3;6;31.58
18;2;2023;1;A;2;R;10;A2R10;35.887;0;0;0;35.887;0;0;0;0;D4;6;31.58
18;2;2023;1;A;2;P;10;A2P10;33.836;0;0;0;33.836;0;0;0;0;D4;6;31.58
18;2;2023;1;A;2;P;11;A2P11;20.241;0;0;0;0;20.241;0;0;0;D5;6;31.58
18;2;2023;1;A;2;R;11;A2R11;42.456;0;0;0;42.456;0;0;0;0;D4;6;31.58
18;2;2023;1;A;2;F;11;A2F11;21.591;0;0;0;0;21.591;0;0;0;D4;6;31.58
18;2;2023;1;A;2;F;12;A2F12;43.364;0;0;0;0;43.364;0;0;0;D5;6;31.58
18;2;2023;1;A;2;P;12;A2P12;24.817;0;0;0;0;24.817;0;0;0;D5;6;31.58
18;2;2023;1;A;2;R;12;A2R12;21.705;0;0;0;21.705;0;0;0;0;D4;6;31.58
18;2;2023;1;A;3;F;13;A3F13;51.425;0;0;0;0;51.425;0;0;0;D5;6;31.58
18;2;2023;1;A;3;P;13;A3P13;22.344;0;0;0;22.344;0;0;0;0;D4;6;31.58
18;2;2023;1;A;3;R;13;A3R13;37.934;0;0;37.934;0;0;0;0;0;D3;6;31.58
18;2;2023;1;A;3;P;14;A3P14;24.976;0;0;24.976;0;0;0;0;0;D3;6;31.58
18;2;2023;1;A;3;R;14;A3R14;14.431;0;0.484;0;13.947;0;0;0;0;D4;6;31.58
18;2;2023;1;A;3;F;14;A3F14;14.545;0;0;0;14.545;0;0;0;0;D4;6;31.58
18;2;2023;1;A;3;F;15;A3F15;28.18;0;0;0;28.18;0;0;0;0;D4;6;31.58
18;2;2023;1;A;3;P;15;A3P15;37.996;0;0;0;0;37.996;0;0;0;D5;6;31.58
18;2;2023;1;A;3;R;15;A3R15;40.161;0;0;0;40.161;0;0;0;0;D4;6;31.58
18;2;2023;1;A;3;R;16;A3R16;47.759;0;2.28;0;45.479;0;0;0;0;D4;6;31.58
18;2;2023;1;A;3;F;16;A3F16;40.08;0;0;0;40.08;0;0;0;0;D4;6;31.58
18;2;2023;1;A;3;P;16;A3P16;28.291;0;0;0;0;28.291;0;0;0;D5;6;31.58
18;2;2023;1;C;4;F;5;C4F5;24.97;0;0;0;24.97;0;0;0;0;D4;6;27.17
18;2;2023;1;C;4;R;5;C4R5;28.77;0;0;26.463;2.307;0;0;0;0;D3;6;27.17
18;2;2023;1;C;4;P;5;C4P5;28.229;0;0;0;0;28.229;0;0;0;D5;6;27.17
18;2;2023;1;C;4;R;6;C4R6;28.641;0;0;0;28.641;0;0;0;0;D4;6;27.17
18;2;2023;1;C;4;F;6;C4F6;29.535;0;0;0;24.469;5.066;0;0;0;D4;6;27.17
18;2;2023;1;C;4;P;6;C4P6;20.107;0;0;0;20.107;0;0;0;0;D4;6;27.17
18;2;2023;1;C;4;R;7;C4R7;30.033;0;0;30.033;0;0;0;0;0;D3;6;27.17
18;2;2023;1;C;4;P;7;C4P7;49.62;0;0;0;0;49.62;0;0;0;D5;6;27.17
18;2;2023;1;C;4;F;8;C4F8;33.31;0;0;25.759;0;7.551;0;0;0;D3;6;27.17
18;2;2023;1;C;4;P;8;C4P8;29.39;0;0;0;0;29.39;0;0;0;D5;6;27.17
18;2;2023;1;C;4;F;7;C4F7;35.294;0;0;0;35.294;0;0;0;0;D4;6;27.17
18;2;2023;1;C;4;R;8;C4R8;38.436;0;0;0;38.436;0;0;0;0;D4;6;27.17
18;2;2023;1;A;5;P;17;A5P17;28.255;0;0;0;0;28.255;0;0;0;D5;6;31.58
18;2;2023;1;A;5;F;17;A5F17;28.669;0;0;0;28.669;0;0;0;0;D4;6;31.58
18;2;2023;1;A;5;R;17;A5R17;49.32;0;0;0;49.32;0;0;0;0;D4;6;31.58
18;2;2023;1;A;5;F;18;A5F18;24.105;0;0;0;24.105;0;0;0;0;D4;6;31.58
18;2;2023;1;A;5;R;18;A5R18;32.629;0;0;0;32.629;0;0;0;0;D4;6;31.58
18;2;2023;1;A;5;P;18;A5P18;20.25;0;0;0;20.25;0;0;0;0;D4;6;31.58
18;2;2023;1;A;5;R;19;A5R19;31.966;0;0;0;31.966;0;0;0;0;D4;6;31.58
18;2;2023;1;A;5;P;19;A5P19;24.994;0;0;0;0;0;24.994;0;0;D6;6;31.58
18;2;2023;1;A;5;F;19;A5F19;32.064;0;0;0;32.064;0;0;0;0;D4;6;31.58
18;2;2023;1;A;5;F;20;A5F20;18.339;0;0;0;0;18.339;0;0;0;D5;6;31.58
18;2;2023;1;A;5;P;20;A5P20;26.008;0;0;0;0;26.008;0;0;0;D5;6;31.58
18;2;2023;1;A;5;R;20;A5R20;20.386;6.416;0;13.97;0;0;0;0;0;D3;6;31.58
23;2;2023;2;C;1;P;1;C1P1;23.456;0;0;0;0;23.456;0;0;0;D5;11;27.17
23;2;2023;2;C;1;R;1;C1R1;30.665;0;0;0;30.665;0;0;0;0;D4;11;27.17
23;2;2023;2;C;1;F;1;C1F1;55.511;0;0;0;55.511;0;0;0;0;D4;11;27.17
23;2;2023;2;C;1;R;2;C1R2;35.268;0;2.578;0;32.69;0;0;0;0;D4;11;27.17
23;2;2023;2;C;1;P;2;C1P2;21.903;0;0;0;0;21.903;0;0;0;D5;11;27.17
23;2;2023;2;C;1;F;2;C1F2;30.101;0;0;0;0;30.101;0;0;0;D5;11;27.17
23;2;2023;2;C;1;P;3;C1P3;23.674;0;0;0;0;23.674;0;0;0;D5;11;27.17
23;2;2023;2;C;1;F;3;C1F3;25.018;0;0;0;0;25.018;0;0;0;D5;11;27.17
23;2;2023;2;C;1;R;3;C1R3;27.023;0;0;0;27.023;0;0;0;0;D4;11;27.17
23;2;2023;2;C;1;F;4;C1F4;34.052;0;0;0;34.052;0;0;0;0;D4;11;27.17
23;2;2023;2;C;1;R;4;C1R4;17.846;0;0;0;17.846;0;0;0;0;D4;11;27.17
23;2;2023;2;C;1;P;4;C1P4;44.02;0;0;0;0;44.02;0;0;0;D5;11;27.17
23;2;2023;2;A;2;R;9;A2R9;16.984;0;4.661;12.323;0;0;0;0;0;D3;11;31.96
23;2;2023;2;A;2;F;9;A2F9;23.455;0;0;23.455;0;0;0;0;0;D3;11;31.96
23;2;2023;2;A;2;P;9;A2P9;19.572;0;0;0;0;19.572;0;0;0;D5;11;31.96
23;2;2023;2;A;2;F;10;A2F10;20.642;0;20.642;0;0;0;0;0;0;D2;11;31.96
23;2;2023;2;A;2;R;10;A2R10;34.111;0;0;34.111;0;0;0;0;0;D3;11;31.96
23;2;2023;2;A;2;P;10;A2P10;39.781;0;0;39.781;0;0;0;0;0;D3;11;31.96
23;2;2023;2;A;2;P;11;A2P11;20.933;0;0;0;20.933;0;0;0;0;D4;11;31.96
23;2;2023;2;A;2;R;11;A2R11;36.959;0;0;36.959;0;0;0;0;0;D3;11;31.96
23;2;2023;2;A;2;F;11;A2F11;22.121;0;22.121;0;0;0;0;0;0;D2;11;31.96
23;2;2023;2;A;2;F;12;A2F12;39.707;0;0;39.707;0;0;0;0;0;D3;11;31.96
23;2;2023;2;A;2;P;12;A2P12;26.343;0;0;0;0;26.343;0;0;0;D5;11;31.96
23;2;2023;2;A;2;R;12;A2R12;20.973;0;0;0;20.973;0;0;0;0;D4;11;31.96
23;2;2023;2;A;3;F;13;A3F13;57.383;0;0;0;57.383;0;0;0;0;D4;11;31.96
23;2;2023;2;A;3;P;13;A3P13;21.918;0;0;0;21.918;0;0;0;0;D4;11;31.96
23;2;2023;2;A;3;R;13;A3R13;37.838;0.829;0;0;35.862;0;0;1.147;0;D4;11;31.96
23;2;2023;2;A;3;P;14;A3P14;23.434;0;12.071;9.923;0;1.44;0;0;0;D2;11;31.96
23;2;2023;2;A;3;R;14;A3R14;16.835;0;0;0;16.835;0;0;0;0;D4;11;31.96
23;2;2023;2;A;3;F;14;A3F14;18.177;0;18.177;0;0;0;0;0;;D2;11;31.96
23;2;2023;2;A;3;F;15;A3F15;25.237;0;25.237;0;0;0;0;0;;D2;11;31.96
23;2;2023;2;A;3;P;15;A3P15;46.89;0;0;0;0;46.89;0;0;;D5;11;31.96
23;2;2023;2;A;3;R;15;A3R15;34.607;0;0;34.607;0;0;0;0;;D3;11;31.96
23;2;2023;2;A;3;R;16;A3R16;56.567;4.157;0;49.851;0;0;0;2.559;;D3;11;31.96
23;2;2023;2;A;3;F;16;A3F16;39.736;0;39.736;0;0;0;0;0;;D2;11;31.96
23;2;2023;2;A;3;P;16;A3P16;26.116;0;0;0;0;26.116;0;0;;D5;11;31.96
23;2;2023;2;C;4;F;5;C4F5;28.701;0;0;0;28.701;0;0;0;0;D4;11;27.17
23;2;2023;2;C;4;R;5;C4R5;29.4;0;0;0;29.4;0;0;0;0;D4;11;27.17
23;2;2023;2;C;4;P;5;C4P5;26.903;0;0;0;0;26.903;0;0;0;D5;11;27.17
23;2;2023;2;C;4;R;6;C4R6;39.078;0;0;0;39.078;0;0;0;0;D4;11;27.17
23;2;2023;2;C;4;F;6;C4F6;38.761;0;0;0;38.761;0;0;0;0;D4;11;27.17
23;2;2023;2;C;4;P;6;C4P6;23.517;0;0;0;0;23.517;0;0;0;D5;11;27.17
23;2;2023;2;C;4;R;7;C4R7;33.376;1.324;0;0;32.052;0;0;0;0;D4;11;27.17
23;2;2023;2;C;4;P;7;C4P7;48.325;0;0;0;0;48.325;0;0;0;D5;11;27.17
23;2;2023;2;C;4;F;8;C4F8;36.985;0;0;0;29.044;7.941;0;0;0;D4;11;27.17
23;2;2023;2;C;4;P;8;C4P8;30.356;0;0;0;0;30.356;0;0;0;D5;11;27.17
23;2;2023;2;C;4;F;7;C4F7;38.586;0;0;0;38.586;0;0;0;0;D4;11;27.17
23;2;2023;2;C;4;R;8;C4R8;41.391;0;0;0;41.391;0;0;0;0;D4;11;27.17
23;2;2023;2;A;5;P;17;A5P17;26.103;0;0;0;0;26.103;0;0;;D5;11;31.96
23;2;2023;2;A;5;F;17;A5F17;34.501;0;34.501;0;0;0;0;0;;D2;11;31.96
23;2;2023;2;A;5;R;17;A5R17;47.028;0;0;0;47.028;0;0;0;;D4;11;31.96
23;2;2023;2;A;5;F;18;A5F18;23.752;0;23.752;0;0;0;0;0;;D2;11;31.96
23;2;2023;2;A;5;R;18;A5R18;26.926;0;0;0;26.926;0;0;0;;D4;11;31.96
23;2;2023;2;A;5;P;18;A5P18;20.929;0;0;0;20.929;0;0;0;;D4;11;31.96
23;2;2023;2;A;5;R;19;A5R19;37.828;0;0;0;37.828;0;0;0;;D4;11;31.96
23;2;2023;2;A;5;P;19;A5P19;28.174;0;0;0;0;28.174;0;0;;D5;11;31.96
23;2;2023;2;A;5;F;19;A5F19;30.469;0;30.469;0;0;0;0;0;;D2;11;31.96
23;2;2023;2;A;5;F;20;A5F20;19.509;0;19.509;0;0;0;0;0;;D2;11;31.96
23;2;2023;2;A;5;P;20;A5P20;27.241;0;0;0;0;27.241;0;0;;D5;11;31.96
23;2;2023;2;A;5;R;20;A5R20;24.91;13.536;0;11.374;0;0;0;0;;D1;11;31.96
27;2;2023;3;C;1;P;1;C1P1;21.843;0;0;0;0;21.843;0;0;;D5;15;27.18
27;2;2023;3;C;1;R;1;C1R1;28.316;0;0;0;28.316;0;0;0;;D4;15;27.18
27;2;2023;3;C;1;F;1;C1F1;47.253;0;0;0;47.253;0;0;0;;D4;15;27.18
27;2;2023;3;C;1;R;2;C1R2;31.553;0;0;0;31.553;0;0;0;;D4;15;27.18
27;2;2023;3;C;1;P;2;C1P2;22.505;0;0;0;0;22.505;0;0;;D5;15;27.18
27;2;2023;3;C;1;F;2;C1F2;31.148;0;0;0;0;31.148;0;0;;D5;15;27.18
27;2;2023;3;C;1;P;3;C1P3;21.651;0;0;0;0;21.651;0;0;;D5;15;27.18
27;2;2023;3;C;1;F;3;C1F3;27.119;0;0;0;0;27.119;0;0;;D5;15;27.18
27;2;2023;3;C;1;R;3;C1R3;27.562;0;0;0;27.562;0;0;0;;D4;15;27.18
27;2;2023;3;C;1;F;4;C1F4;31.905;0;0;0;31.905;0;0;0;;D4;15;27.18
27;2;2023;3;C;1;R;4;C1R4;20.288;0;0;0;20.288;0;0;0;;D4;15;27.18
27;2;2023;3;C;1;P;4;C1P4;38.256;0;0;0;0;38.256;0;0;;D5;15;27.18
27;2;2023;3;A;2;R;9;A2R9;20.517;0;8.322;12.195;0;0;0;0;;D3;15;30.4
27;2;2023;3;A;2;F;9;A2F9;22.519;0;22.519;0;0;0;0;0;;D2;15;30.4
27;2;2023;3;A;2;P;9;A2P9;17.637;0;0;13.524;4.113;0;0;0;;D3;15;30.4
27;2;2023;3;A;2;F;10;A2F10;21.996;21.996;0;0;0;0;0;0;;D1;15;30.4
27;2;2023;3;A;2;R;10;A2R10;31.342;0;0;31.342;0;0;0;0;;D3;15;30.4
27;2;2023;3;A;2;P;10;A2P10;34.52;0;0;34.52;0;0;0;0;;D3;15;30.4
27;2;2023;3;A;2;P;11;A2P11;18.934;0;0;0;18.934;0;0;0;;D4;15;30.4
27;2;2023;3;A;2;R;11;A2R11;36.944;0;36.944;0;0;0;0;0;;D2;15;30.4
27;2;2023;3;A;2;F;11;A2F11;21.702;21.702;0;0;0;0;0;0;;D1;15;30.4
27;2;2023;3;A;2;F;12;A2F12;40.55;0;0;40.55;0;0;0;0;;D3;15;30.4
27;2;2023;3;A;2;P;12;A2P12;27.115;0;0;0;27.115;0;0;0;;D4;15;30.4
27;2;2023;3;A;2;R;12;A2R12;18.561;0;0;18.561;0;0;0;0;;D3;15;30.4
27;2;2023;3;A;3;F;13;A3F13;56.807;0;56.807;0;0;0;0;0;;D2;15;30.4
27;2;2023;3;A;3;P;13;A3P13;18.971;0;0;15.942;3.029;0;0;0;;D3;15;30.4
27;2;2023;3;A;3;R;13;A3R13;29.611;0;28.832;0;0;0;0;0.779;;D2;15;30.4
27;2;2023;3;A;3;P;14;A3P14;23.048;21.777;0;1.271;0;0;0;0;;D1;15;30.4
27;2;2023;3;A;3;R;14;A3R14;13.706;0;13.706;0;0;0;0;0;;D2;15;30.4
27;2;2023;3;A;3;F;14;A3F14;17.494;0;17.494;0;0;0;0;0;;D2;15;30.4
27;2;2023;3;A;3;F;15;A3F15;25.227;0;25.227;0;0;0;0;0;;D2;15;30.4
27;2;2023;3;A;3;P;15;A3P15;41.148;0;0;0;41.148;0;0;0;;D4;15;30.4
27;2;2023;3;A;3;R;15;A3R15;35.538;0;35.538;0;0;0;0;0;;D2;15;30.4
27;2;2023;3;A;3;R;16;A3R16;45.763;1.802;0;39.694;0;0;0;4.267;;D3;15;30.4
27;2;2023;3;A;3;F;16;A3F16;35.019;35.019;0;0;0;0;0;0;;D1;15;30.4
27;2;2023;3;A;3;P;16;A3P16;29.821;0;0;0;29.821;0;0;0;;D4;15;30.4
27;2;2023;3;C;4;F;5;C4F5;27.136;0;0;0;27.136;0;0;0;;D4;15;27.18
27;2;2023;3;C;4;R;5;C4R5;28.8;0;0;28.8;0;0;0;0;;D3;15;27.18
27;2;2023;3;C;4;P;5;C4P5;24.535;0;0;0;0;24.535;0;0;;D5;15;27.18
27;2;2023;3;C;4;R;6;C4R6;31.054;0;0;0;31.054;0;0;0;;D4;15;27.18
27;2;2023;3;C;4;F;6;C4F6;36.23;0;0;0;36.23;0;0;0;;D4;15;27.18
27;2;2023;3;C;4;P;6;C4P6;21.539;0;0;0;;21.539;0;0;;D5;15;27.18
27;2;2023;3;C;4;R;7;C4R7;28.622;1.559;0;0;27.063;0;0;0;;D4;15;27.18
27;2;2023;3;C;4;P;7;C4P7;44.4;0;0;0;0;44.4;0;0;;D5;15;27.18
27;2;2023;3;C;4;F;8;C4F8;37.266;0;0;30.344;0;6.922;0;0;;D3;15;27.18
27;2;2023;3;C;4;P;8;C4P8;28.84;0;0;0;0;28.84;0;0;;D5;15;27.18
27;2;2023;3;C;4;F;7;C4F7;35.159;0;0;35.159;0;0;0;0;;D3;15;27.18
27;2;2023;3;C;4;R;8;C4R8;41.819;0;0;0;41.819;0;0;0;;D4;15;27.18
27;2;2023;3;A;5;P;17;A5P17;27.462;0;0;0;27.462;0;0;0;;D4;15;30.4
27;2;2023;3;A;5;F;17;A5F17;33.003;0;33.003;0;0;0;0;0;;D2;15;30.4
27;2;2023;3;A;5;R;17;A5R17;47.062;0;0;47.062;0;0;0;0;;D3;15;30.4
27;2;2023;3;A;5;F;18;A5F18;22.252;22.252;0;0;0;0;0;0;;D1;15;30.4
27;2;2023;3;A;5;R;18;A5R18;27.219;0;0;27.219;0;0;0;0;;D3;15;30.4
27;2;2023;3;A;5;P;18;A5P18;23.346;0;0;23.346;0;0;0;0;;D3;15;30.4
27;2;2023;3;A;5;R;19;A5R19;38.032;0;38.032;0;0;0;0;0;;D2;15;30.4
27;2;2023;3;A;5;P;19;A5P19;25.315;0;0;0;0;25.315;0;0;;D5;15;30.4
27;2;2023;3;A;5;F;19;A5F19;30.558;0;30.558;0;0;0;0;0;;D2;15;30.4
27;2;2023;3;A;5;F;20;A5F20;15.874;15.874;0;0;0;0;0;0;;D1;15;30.4
27;2;2023;3;A;5;P;20;A5P20;27.831;0;0;0;0;27.831;0;0;;D5;15;30.4
27;2;2023;3;A;5;R;20;A5R20;22.52;0;0;0;5.008;0;0;0;17.512;morto;15;30.4
6;3;2023;4;C;1;P;1;C1P1;22.527;0;0;0;0;22.527;0;0;0;D5;22;27.18
6;3;2023;4;C;1;R;1;C1R1;30.786;0;0;0;23.302;7.484;0;0;0;D4;22;27.18
6;3;2023;4;C;1;F;1;C1F1;43.996;0;0;0;43.996;0;0;0;0;D4;22;27.18
6;3;2023;4;C;1;R;2;C1R2;31.584;0;0;0;31.584;0;0;0;0;D4;22;27.18
6;3;2023;4;C;1;P;2;C1P2;20.292;0;0;0;20.292;0;0;0;0;D4;22;27.18
6;3;2023;4;C;1;F;2;C1F2;28.247;0;0;0;0;28.247;0;0;0;D5;22;27.18
6;3;2023;4;C;1;P;3;C1P3;24.17;0;0;0;24.17;0;0;0;0;D4;22;27.18
6;3;2023;4;C;1;F;3;C1F3;32.966;0;0;0;32.966;0;0;0;0;D4;22;27.18
6;3;2023;4;C;1;R;3;C1R3;30.011;0;0;0;30.011;0;0;0;0;D4;22;27.18
6;3;2023;4;C;1;F;4;C1F4;35.896;0;0;0;35.896;0;0;0;0;D4;22;27.18
6;3;2023;4;C;1;R;4;C1R4;17.971;0;0;17.971;0;0;0;0;0;D3;22;27.18
6;3;2023;4;C;1;P;4;C1P4;42.833;0;0;0;0;42.833;0;0;0;D5;22;27.18
6;3;2023;4;A;2;R;9;A2R9;17.654;0;10.723;6.931;0;0;0;0;0;D2;22;27.05
6;3;2023;4;A;2;F;9;A2F9;24.999;0;24.999;0;0;0;0;0;0;D2;22;27.05
6;3;2023;4;A;2;P;9;A2P9;20.698;0;0;8.734;11.964;0;0;0;0;D4;22;27.05
6;3;2023;4;A;2;F;10;A2F10;21.385;21.385;0;0;0;0;0;0;0;D1;22;27.05
6;3;2023;4;A;2;R;10;A2R10;32.866;0;32.077;0;0;0;0;0.584;0.205;D2;22;27.05
6;3;2023;4;A;2;P;10;A2P10;39.212;0;39.212;0;0;0;0;0;0;D2;22;27.05
6;3;2023;4;A;2;P;11;A2P11;21.035;0;0;0;21.035;0;0;0;0;D4;22;27.05
6;3;2023;4;A;2;R;11;A2R11;38.544;38.544;0;0;0;0;0;0;0;D1;22;27.05
6;3;2023;4;A;2;F;11;A2F11;20.417;20.417;0;0;0;0;0;0;0;D1;22;27.05
6;3;2023;4;A;2;F;12;A2F12;47.091;0;47.091;0;0;0;0;0;0;D2;22;27.05
6;3;2023;4;A;2;P;12;A2P12;25.255;0;0;0;25.255;0;0;0;0;D4;22;27.05
6;3;2023;4;A;2;R;12;A2R12;20.399;0;0;20.399;0;0;0;0;0;D3;22;27.05
6;3;2023;4;A;3;F;13;A3F13;47.808;0;47.808;0;0;0;0;0;0;D2;22;27.05
6;3;2023;4;A;3;P;13;A3P13;19.211;0;2.985;13.492;2.734;0;0;0;0;D3;22;27.05
6;3;2023;4;A;3;R;13;A3R13;31.357;0;28.897;0;0;0;0;2.46;0;D2;22;27.05
6;3;2023;4;A;3;P;14;A3P14;21.75;0;19.853;1.897;0;0;0;0;0;D2;22;27.05
6;3;2023;4;A;3;R;14;A3R14;14.783;0;14.783;0;0;0;0;0;0;D2;22;27.05
6;3;2023;4;A;3;F;14;A3F14;17.878;17.878;0;0;0;0;0;0;0;D1;22;27.05
6;3;2023;4;A;3;F;15;A3F15;29.834;29.834;0;0;0;0;0;0;0;D1;22;27.05
6;3;2023;4;A;3;P;15;A3P15;41.124;0;0;36.666;4.458;0;0;0;0;D3;22;27.05
6;3;2023;4;A;3;R;15;A3R15;35.834;0;35.834;0;0;0;0;0;0;D2;22;27.05
6;3;2023;4;A;3;R;16;A3R16;45.174;0;30.221;0;0;0;0;9.482;5.471;D2;22;27.05
6;3;2023;4;A;3;F;16;A3F16;42.008;42.008;0;0;0;0;0;0;0;D1;22;27.05
6;3;2023;4;A;3;P;16;A3P16;24.121;0;0;16.218;7.903;0;0;0;0;D3;22;27.05
6;3;2023;4;C;4;F;5;C4F5;30.671;0;0;14.93;15.741;0;0;0;0;D4;22;27.18
6;3;2023;4;C;4;R;5;C4R5;30.476;0.814;0;0;29.662;0;0;0;0;D4;22;27.18
6;3;2023;4;C;4;P;5;C4P5;29.664;0;0;0;0;29.664;0;0;0;D5;22;27.18
6;3;2023;4;C;4;R;6;C4R6;32.761;0;0;0;32.761;0;0;0;0;D4;22;27.18
6;3;2023;4;C;4;F;6;C4F6;31.543;0;0;31.543;0;0;0;0;0;D3;22;27.18
6;3;2023;4;C;4;P;6;C4P6;23.503;0;0;0;23.503;0;0;0;0;D4;22;27.18
6;3;2023;4;C;4;R;7;C4R7;32.871;0;0;0;31.167;0;0;0;1.704;D4;22;27.18
6;3;2023;4;C;4;P;7;C4P7;44.68;0;0;0;0;44.68;0;0;0;D5;22;27.18
6;3;2023;4;C;4;F;8;C4F8;34.901;0;0;0;27.443;7.458;0;0;0;D4;22;27.18
6;3;2023;4;C;4;P;8;C4P8;27.598;0;0;0;0;27.598;0;0;0;D5;22;27.18
6;3;2023;4;C;4;F;7;C4F7;36.714;0;0;0;36.714;0;0;0;0;D4;22;27.18
6;3;2023;4;C;4;R;8;C4R8;45.991;0;0;0;45.991;0;0;0;0;D4;22;27.18
6;3;2023;4;A;5;P;17;A5P17;29.458;0;0;0;0;29.458;0;0;0;D5;22;27.05
6;3;2023;4;A;5;F;17;A5F17;36.696;0;36.696;0;0;0;0;0;0;D2;22;27.05
6;3;2023;4;A;5;R;17;A5R17;48.881;0;0;43.43;0;0;0;0;5.451;D3;22;27.05
6;3;2023;4;A;5;F;18;A5F18;20.989;20.989;0;0;0;0;0;0;0;D1;22;27.05
6;3;2023;4;A;5;R;18;A5R18;28.897;0;0;28.897;0;0;0;0;0;D3;22;27.05
6;3;2023;4;A;5;P;18;A5P18;21.436;0;15.217;6.219;0;0;0;0;0;D2;22;27.05
6;3;2023;4;A;5;R;19;A5R19;33.862;0;33.862;0;0;0;0;0;0;D2;22;27.05
6;3;2023;4;A;5;P;19;A5P19;25.737;0;0;0;0;25.737;0;0;0;D5;22;27.05
6;3;2023;4;A;5;F;19;A5F19;29.697;29.697;0;0;0;0;0;0;0;D1;22;27.05
6;3;2023;4;A;5;F;20;A5F20;17.462;17.462;0;0;0;0;0;0;0;D1;22;27.05
6;3;2023;4;A;5;P;20;A5P20;25.644;0;0;0;0;25.644;0;0;0;D5;22;27.05
6;3;2023;4;A;5;R;20;A5R20;20.587;0;0;0;0;0;0;0;20.587;morto;22;27.05
27;3;2023;7;C;1;P;1;C1P1;22.193;22.193;0;0;0;0;0;0;0;D1;43;26.33
27;3;2023;7;C;1;R;1;C1R1;28.273;0;0;0;15.165;13.108;0;0;0;D4;43;26.33
27;3;2023;7;C;1;F;1;C1F1;50.27;0;0;0;0;50.27;0;0;0;D5;43;26.33
27;3;2023;7;C;1;R;2;C1R2;20.087;0;0;0;0;20.087;0;0;0;D5;43;26.33
27;3;2023;7;C;1;P;2;C1P2;23.154;0;0;0;0;21.262;0;0;1.892;D5;43;26.33
27;3;2023;7;C;1;F;2;C1F2;27.439;0;0;0;0;27.439;0;0;0;D5;43;26.33
27;3;2023;7;C;1;P;3;C1P3;22.566;0;0;0;0;22.566;0;0;0;D5;43;26.33
27;3;2023;7;C;1;F;3;C1F3;30.364;0;0;0;30.364;0;0;0;0;D4;43;26.33
27;3;2023;7;C;1;R;3;C1R3;20.983;0;0;0;0;2.983;0;0;18;morto;43;26.33
27;3;2023;7;C;1;F;4;C1F4;32.951;0;0;0;32.951;0;0;0;0;D4;43;26.33
27;3;2023;7;C;1;R;4;C1R4;20.332;0;0;0;20.332;0;0;0;0;D4;43;26.33
27;3;2023;7;C;1;P;4;C1P4;36.876;7.821;0;0;0;29.055;0;0;0;D5;43;26.33
27;3;2023;7;A;2;R;9;A2R9;21.041;0;3.413;0;12.291;0;0;2.315;3.022;D4;43;26.56
27;3;2023;7;A;2;F;9;A2F9;19.645;0;19.645;0;0;0;0;0;0;D2;43;26.56
27;3;2023;7;A;2;P;9;A2P9;18.478;0;0;0;0;18.478;0;0;0;D5;43;26.56
27;3;2023;7;A;2;F;10;A2F10;17.335;17.335;0;0;0;0;0;0;0;D1;43;26.56
27;3;2023;7;A;2;R;10;A2R10;36.702;12.88;0;0;0;0;0;18.235;5.587;rosa;43;26.56
27;3;2023;7;A;2;P;10;A2P10;34.942;7.83;0;0;0;0;0;20.554;6.558;rosa;43;26.56
27;3;2023;7;A;2;P;11;A2P11;21.321;0;0;0;0;21.321;0;0;0;D5;43;26.56
27;3;2023;7;A;2;R;11;A2R11;39.319;0;37.873;0;0;0;0;1.446;0;D2;43;26.56
27;3;2023;7;A;2;F;11;A2F11;21.16;20.55;0;0;0;0;0;0.61;0;D1;43;26.56
27;3;2023;7;A;2;F;12;A2F12;42.037;0;42.037;0;0;0;0;0;0;D2;43;26.56
27;3;2023;7;A;2;P;12;A2P12;26.97;0;0;0;0;26.97;0;0;0;D5;43;26.56
27;3;2023;7;A;2;R;12;A2R12;22.345;0;0;0;22.345;0;0;0;0;D4;43;26.56
27;3;2023;7;A;3;F;13;A3F13;54.411;0;54.411;0;0;0;0;0;0;D2;43;26.56
27;3;2023;7;A;3;P;13;A3P13;22.716;0;1.949;16.283;4.484;0;0;0;0;D3;43;26.56
27;3;2023;7;A;3;R;13;A3R13;34.735;22.215;0;0;0;0;0;6.982;5.538;D1;43;26.56
27;3;2023;7;A;3;P;14;A3P14;22.053;0;0;14.047;8.006;0;0;0;0;D3;43;26.56
27;3;2023;7;A;3;R;14;A3R14;14.273;0;13.054;0;0;0;0;1.219;0;D2;43;26.56
27;3;2023;7;A;3;F;14;A3F14;16.771;16.114;0;0;;0;0;0;0.657;D1;43;26.56
27;3;2023;7;A;3;F;15;A3F15;23.287;0;8.617;0;0;0;0;14.67;0;rosa;43;26.56
27;3;2023;7;A;3;P;15;A3P15;34.066;0;0;0;34.066;0;0;0;0;D4;43;26.56
27;3;2023;7;A;3;R;15;A3R15;27.703;0;27.703;0;0;0;0;0;0;D2;43;26.56
27;3;2023;7;A;3;R;16;A3R16;51.158;0;0;0;0;0;0;0;51.158;morto;43;26.56
27;3;2023;7;A;3;F;16;A3F16;37.942;37.942;0;0;0;0;0;0;0;D1;43;26.56
27;3;2023;7;A;3;P;16;A3P16;28.922;0;0;0;28.922;0;0;0;0;D4;43;26.56
27;3;2023;7;C;4;F;5;C4F5;26.402;0;0;0;0;26.402;0;0;0;D5;43;26.33
27;3;2023;7;C;4;R;5;C4R5;28.498;0;0;0;20.036;0;0;6.576;1.886;D4;43;26.33
27;3;2023;7;C;4;P;5;C4P5;26.62;0;0;0;0;26.62;0;0;0;D5;43;26.33
27;3;2023;7;C;4;R;6;C4R6;29.779;0;0;0;29.779;0;0;0;0;D4;43;26.33
27;3;2023;7;C;4;F;6;C4F6;32.109;0;0;0;32.109;0;0;0;0;D4;43;26.33
27;3;2023;7;C;4;P;6;C4P6;22.836;0;0;0;22.836;0;0;0;0;D4;43;26.33
27;3;2023;7;C;4;R;7;C4R7;26.014;0;0;0;26.014;0;0;0;0;D4;43;26.33
27;3;2023;7;C;4;P;7;C4P7;39.78;0;0;0;0;39.78;0;0;0;D5;43;26.33
27;3;2023;7;C;4;F;8;C4F8;32.46;0;0;0;0;32.46;0;0;0;D5;43;26.33
27;3;2023;7;C;4;P;8;C4P8;29.535;0;0;0;0;29.535;0;0;0;D5;43;26.33
27;3;2023;7;C;4;F;7;C4F7;35.92;0;0;0;35.92;0;0;0;0;D4;43;26.33
27;3;2023;7;C;4;R;8;C4R8;39.947;0;0;0;39.947;0;0;0;0;D4;43;26.33
27;3;2023;7;A;5;P;17;A5P17;27.438;0;0;0;0;27.438;0;0;0;D5;43;26.56
27;3;2023;7;A;5;F;17;A5F17;42.187;0;27.38;0;0;0;0;0;14.807;D2;43;26.56
27;3;2023;7;A;5;R;17;A5R17;36.322;0;0;0;0;0;0;0;36.322;morto;43;26.56
27;3;2023;7;A;5;F;18;A5F18;21.076;21.076;0;0;0;0;0;0;0;D1;43;26.56
27;3;2023;7;A;5;R;18;A5R18;0;0;0;24.366;0;0;0;4.406;0.601;D3;43;26.56
27;3;2023;7;A;5;P;18;A5P18;19.231;0;0;0;0;19.231;0;0;0;D5;43;26.56
27;3;2023;7;A;5;R;19;A5R19;36.352;1.857;13.81;0;0;0;0;18.838;1.847;rosa;43;26.56
27;3;2023;7;A;5;P;19;A5P19;27.373;0;0;0;0;27.373;0;0;0;D5;43;26.56
27;3;2023;7;A;5;F;19;A5F19;29.825;29.825;0;0;0;0;0;0;0;D1;43;26.56
27;3;2023;7;A;5;F;20;A5F20;17.467;17.467;0;0;0;0;0;0;2.267;D1;43;26.56
27;3;2023;7;A;5;P;20;A5P20;25.362;0;0;0;0;25.362;0;0;0;D5;43;26.56
27;3;2023;7;A;5;R;20;A5R20;20.665;0;0;0;0;0;0;0;20.665;morto;43;26.56
13;3;2023;5;C;1;P;1;C1P1;20.725;7.548;0;0;13.177;0;0;0;0;D4;29;27.22
13;3;2023;5;C;1;R;1;C1R1;36.109;0;0;0;19.444;16.665;0;0;0;D4;29;27.22
13;3;2023;5;C;1;F;1;C1F1;50.534;0;0;0;50.534;0;0;0;0;D4;29;27.22
13;3;2023;5;C;1;R;2;C1R2;33.497;0;0;0;0;33.497;0;0;0;D5;29;27.22
13;3;2023;5;C;1;P;2;C1P2;23.232;0;0;0;23.232;0;0;0;0;D4;29;27.22
13;3;2023;5;C;1;F;2;C1F2;29.445;0;0;0;0;29.445;0;0;0;D5;29;27.22
13;3;2023;5;C;1;P;3;C1P3;20.501;0;0;0;20.501;0;0;0;0;D4;29;27.22
13;3;2023;5;C;1;F;3;C1F3;30.997;0;0;0;30.997;0;0;0;0;D4;29;27.22
13;3;2023;5;C;1;R;3;C1R3;26.209;0;0;0;9.09;12.707;0;2.97;1.442;D5;29;27.22
13;3;2023;5;C;1;F;4;C1F4;31.537;0;0;0;31.537;0;0;0;0;D4;29;27.22
13;3;2023;5;C;1;R;4;C1R4;19.255;0;0;0;19.255;0;0;0;0;D4;29;27.22
13;3;2023;5;C;1;P;4;C1P4;42.228;1.527;1.867;0;0;38.834;0;0;0;D5;29;27.22
13;3;2023;5;A;2;R;9;A2R9;20.367;0;5.416;4.736;7.089;0;0;2.033;1.093;D4;29;27.12
13;3;2023;5;A;2;F;9;A2F9;23.859;0;23.859;0;0;0;0;0;0;D2;29;27.12
13;3;2023;5;A;2;P;9;A2P9;19.388;0;0;0;0;19.388;0;0;0;D5;29;27.12
13;3;2023;5;A;2;F;10;A2F10;21.829;19.472;0;0;0;0;0;0;2.357;D1;29;27.12
13;3;2023;5;A;2;R;10;A2R10;34.577;1.781;21.772;6.239;0;0;0;11.024;0;D2;29;27.12
13;3;2023;5;A;2;P;10;A2P10;33.372;0;0;33.372;0;0;0;0;0;D3;29;27.12
13;3;2023;5;A;2;P;11;A2P11;22.93;0;0;0;22.93;0;0;0;0;D4;29;27.12
13;3;2023;5;A;2;R;11;A2R11;39.205;0;37.993;0;0;0;0;1.212;0;D2;29;27.12
13;3;2023;5;A;2;F;11;A2F11;20.605;20.446;0;0;0;0;0;0.159;0;D1;29;27.12
13;3;2023;5;A;2;F;12;A2F12;44.719;0;44.719;0;0;0;0;0;0;D2;29;27.12
13;3;2023;5;A;2;P;12;A2P12;28.595;0;0;0;0;28.595;0;0;0;D5;29;27.12
13;3;2023;5;A;2;R;12;A2R12;21.575;0;0;21.575;0;0;0;0;0;D3;29;27.12
13;3;2023;5;A;3;F;13;A3F13;57.042;0;57.042;0;0;0;0;0;0;D2;29;27.12
13;3;2023;5;A;3;P;13;A3P13;22.135;0;6.64;11.997;3.498;0;0;0;0;D3;29;27.12
13;3;2023;5;A;3;R;13;A3R13;38.798;5.699;0;26.572;0;0;0;6.527;0;D3;29;27.12
13;3;2023;5;A;3;P;14;A3P14;23.131;0;19.508;0;3.623;0;0;0;0;D2;29;27.12
13;3;2023;5;A;3;R;14;A3R14;15.212;0;15.212;0;0;0;0;0;0;D2;29;27.12
13;3;2023;5;A;3;F;14;A3F14;14.11;14.11;0;0;0;0;0;0;0;D1;29;27.12
13;3;2023;5;A;3;F;15;A3F15;25.366;0;22.899;0;0;0;0;2.467;0;D2;29;27.12
13;3;2023;5;A;3;P;15;A3P15;35.717;0;0;0;35.717;0;0;0;0;D4;29;27.12
13;3;2023;5;A;3;R;15;A3R15;32.602;0;32.602;0;0;0;0;0;0;D2;29;27.12
13;3;2023;5;A;3;R;16;A3R16;44.066;0;0;0;0;0;0;0;44.066;morto;29;27.12
13;3;2023;5;A;3;F;16;A3F16;40.716;40.716;0;0;0;0;0;0;0;D1;29;27.12
13;3;2023;5;A;3;P;16;A3P16;26.292;0;0;19.845;6.447;0;0;0;0;D3;29;27.12
13;3;2023;5;C;4;F;5;C4F5;30.02;0;0;0;30.02;0;0;0;0;D4;29;27.22
13;3;2023;5;C;4;R;5;C4R5;32.023;0.658;0;0;29.945;0;0;1.42;0;D4;29;27.22
13;3;2023;5;C;4;P;5;C4P5;29.227;0;0;0;0;29.227;0;0;0;D5;29;27.22
13;3;2023;5;C;4;R;6;C4R6;30.452;0;0;0;24.193;5.861;0;0;0.398;D4;29;27.22
13;3;2023;5;C;4;F;6;C4F6;34.189;0;0;31.516;2.673;0;0;0;0;D3;29;27.22
13;3;2023;5;C;4;P;6;C4P6;23.048;0;0;0;23.048;0;0;0;0;D4;29;27.22
13;3;2023;5;C;4;R;7;C4R7;30.472;0.68;0;0;25.79;0;0;2.469;1.533;D4;29;27.22
13;3;2023;5;C;4;P;7;C4P7;47.238;0;0;0;0;47.238;0;0;0;D5;29;27.22
13;3;2023;5;C;4;F;8;C4F8;34.336;0;0;0;34.336;0;0;0;0;D4;29;27.22
13;3;2023;5;C;4;P;8;C4P8;31.666;0;0;0;0;31.666;0;0;0;D5;29;27.22
13;3;2023;5;C;4;F;7;C4F7;38.299;0;0;0;0;38.299;7.157;0;0;D5;29;27.22
13;3;2023;5;C;4;R;8;C4R8;43.035;0;0;0;43.035;0;0;0;0;D4;29;27.22
13;3;2023;5;A;5;P;17;A5P17;29.376;0;0;0;0;29.376;0;0;0;D5;29;27.12
13;3;2023;5;A;5;F;17;A5F17;37.027;0;25.464;6.758;0;0;0;0;4.805;D2;29;27.12
13;3;2023;5;A;5;R;17;A5R17;44.132;7.518;0;0;24.281;0;0;0;12.333;D4;29;27.12
13;3;2023;5;A;5;F;18;A5F18;21.809;0;21.809;0;0;0;0;0;0;D2;29;27.12
13;3;2023;5;A;5;R;18;A5R18;31.642;0.804;0;27.282;0;0;0;3.556;0;D3;29;27.12
13;3;2023;5;A;5;P;18;A5P18;20.121;0;0;0;20.121;0;0;0;0;D4;29;27.12
13;3;2023;5;A;5;R;19;A5R19;34.374;0;0;31.539;0;0;0;2.835;0;D3;29;27.12
13;3;2023;5;A;5;P;19;A5P19;25.804;0;0;0;0;25.804;0;0;0;D5;29;27.12
13;3;2023;5;A;5;F;19;A5F19;30.424;0;29.087;0;0;0;0.731;0;0.606;D2;29;27.12
13;3;2023;5;A;5;F;20;A5F20;18.352;14.807;0;0;0;0;0;3.545;0;D1;29;27.12
13;3;2023;5;A;5;P;20;A5P20;28.722;0;0;0;0;28.722;0;0;0;D5;29;27.12
13;3;2023;5;A;5;R;20;A5R20;20.352;0;0;0;0;0;0;0;20.352;morto;29;27.12
20;3;2023;6;C;1;P;1;C1P1;23.152;22.211;0;0;0.941;0;0;0;0;D1;36;26.77
20;3;2023;6;C;1;R;1;C1R1;30.319;0;0;0;0;29.721;0;0;0.598;D5;36;26.77
20;3;2023;6;C;1;F;1;C1F1;42.969;0;0;0;0;42.969;0;0;0;D5;36;26.77
20;3;2023;6;C;1;R;2;C1R2;32.021;0;0;0;0;32.021;0;0;0;D5;36;26.77
20;3;2023;6;C;1;P;2;C1P2;24.425;0;0;0;0;24.425;0;0;1.29;D5;36;26.77
20;3;2023;6;C;1;F;2;C1F2;27.937;0;0;0;0;27.937;0;0;0;D5;36;26.77
20;3;2023;6;C;1;P;3;C1P3;22.257;0;0;0;22.257;0;0;0;0;D4;36;26.77
20;3;2023;6;C;1;F;3;C1F3;30.983;0;0;0;30.983;0;0;0;0;D4;36;26.77
20;3;2023;6;C;1;R;3;C1R3;22.539;5.646;0;0;0;0;10.649;0;6.244;D6;36;26.77
20;3;2023;6;C;1;F;4;C1F4;31.529;0;0;31.529;0;0;0;0;0;D3;36;26.77
20;3;2023;6;C;1;R;4;C1R4;16.404;0;0;0;16.404;0;0;0;0;D4;36;26.77
20;3;2023;6;C;1;P;4;C1P4;37.858;0;2.363;0;0;28.117;0;0;7.378;D5;36;26.77
20;3;2023;6;A;2;R;9;A2R9;20.461;0;4.535;0;11.711;0;0;4.215;2.179;D4;36;26.96
20;3;2023;6;A;2;F;9;A2F9;22.476;0;22.476;0;0;0;0;0;0;D2;36;26.96
20;3;2023;6;A;2;P;9;A2P9;19.541;0;0;0;0;19.541;0;0;0;D5;36;26.96
20;3;2023;6;A;2;F;10;A2F10;23.002;23.002;0;0;0;0;0;0;0;D1;36;26.96
20;3;2023;6;A;2;R;10;A2R10;34.667;4.759;0;0;0;0;0;25.496;4.412;rosa;36;26.96
20;3;2023;6;A;2;P;10;A2P10;34.525;9.543;0;8.647;0;0;0;13.66;2.675;rosa;36;26.96
20;3;2023;6;A;2;P;11;A2P11;20.178;0;0;0;0;20.178;0;0;0;D5;36;26.96
20;3;2023;6;A;2;R;11;A2R11;38.662;0;0;0;0;0;0;0;0;D2;36;26.96
20;3;2023;6;A;2;F;11;A2F11;21.614;21.614;0;0;0;0;0;0;0;D1;36;26.96
20;3;2023;6;A;2;F;12;A2F12;42.11;0;42.11;0;0;0;0;0;0;D2;36;26.96
20;3;2023;6;A;2;P;12;A2P12;26.06;0;0;0;0;26.06;0;0;0;D5;36;26.96
20;3;2023;6;A;2;R;12;A2R12;20.345;0;0;20.345;0;0;0;0;0;D3;36;26.96
20;3;2023;6;A;3;F;13;A3F13;52.879;0;52.879;0;0;0;0;0;0;D2;36;26.96
20;3;2023;6;A;3;P;13;A3P13;21.011;0;2.965;11.244;6.802;0;0;0;0;D3;36;26.96
20;3;2023;6;A;3;R;13;A3R13;36.065;5.066;24.101;0;0;0;0;3.812;3.086;D2;36;26.96
20;3;2023;6;A;3;P;14;A3P14;25.693;1.462;5.504;14.526;4.201;0;0;0;0;D3;36;26.96
20;3;2023;6;A;3;R;14;A3R14;17.196;0;16.643;0;0;0;0;0;0.553;D2;36;26.96
20;3;2023;6;A;3;F;14;A3F14;16.831;16.831;0;0;0;0;0;0;0;D1;36;26.96
20;3;2023;6;A;3;F;15;A3F15;29.798;0;21.285;0;0;0;0;8.513;0;D2;36;26.96
20;3;2023;6;A;3;P;15;A3P15;40.083;0;0;0;40.083;0;0;0;0;D4;36;26.96
20;3;2023;6;A;3;R;15;A3R15;36.542;0;36.542;0;0;0;0;0;0;D2;36;26.96
20;3;2023;6;A;3;R;16;A3R16;49.554;0;0;0;0;0;0;0;49.554;morto;36;26.96
20;3;2023;6;A;3;F;16;A3F16;39.084;39.084;0;0;0;0;0;0;0;D1;36;26.96
20;3;2023;6;A;3;P;16;A3P16;24.451;0;0.935;2.716;20.8;0;0;0;0;D4;36;26.96
20;3;2023;6;C;4;F;5;C4F5;27.297;0;0;0;0;27.297;0;0;0;D5;36;26.77
20;3;2023;6;C;4;R;5;C4R5;29.589;0;0;17.738;8.74;0;0;3.111;2.312;D3;36;26.77
20;3;2023;6;C;4;P;5;C4P5;28.307;0;0;0;0;28.307;0;0;0;D5;36;26.77
20;3;2023;6;C;4;R;6;C4R6;28.867;0;0;0;0;28.867;0;0;0;D5;36;26.77
20;3;2023;6;C;4;F;6;C4F6;28.125;0;0;0;28.125;0;0;0;0;D4;36;26.77
20;3;2023;6;C;4;P;6;C4P6;21.201;0;0;0;0;21.201;0;0;0;D5;36;26.77
20;3;2023;6;C;4;R;7;C4R7;28.573;0.465;0;0;27.126;0;0;0;0.982;D4;36;26.77
20;3;2023;6;C;4;P;7;C4P7;42.345;0;0;0;0;42.345;0;0;0;D5;36;26.77
20;3;2023;6;C;4;F;8;C4F8;32.811;0;0;0;0;22.892;9.919;0;0;D5;36;26.77
20;3;2023;6;C;4;P;8;C4P8;27.022;0;0;0;0;27.022;0;0;0;D5;36;26.77
20;3;2023;6;C;4;F;7;C4F7;33.134;0;0;0;33.134;0;0;0;0;D4;36;26.77
20;3;2023;6;C;4;R;8;C4R8;44.261;0;0;0;44.261;0;0;0;0;D4;36;26.77
20;3;2023;6;A;5;P;17;A5P17;27.6;0;0;0;0;27.6;0;0;0;D5;36;26.96
20;3;2023;6;A;5;F;17;A5F17;38.202;0;25.277;7.514;0;0;0;0;5.411;D2;36;26.96
20;3;2023;6;A;5;R;17;A5R17;38.875;0;0;0;0;0;0;0;38.875;morto;36;26.96
20;3;2023;6;A;5;F;18;A5F18;22.921;0;22.921;0;0;0;0;0;0;D2;36;26.96
20;3;2023;6;A;5;R;18;A5R18;25.991;0;0;17.051;0;0;0;7.835;1.105;D3;36;26.96
20;3;2023;6;A;5;P;18;A5P18;20.511;0;0;0;20.511;0;0;0;0;D4;36;26.96
20;3;2023;6;A;5;R;19;A5R19;36.974;2.12;13.903;0;0;0;0;20.951;0;rosa;36;26.96
20;3;2023;6;A;5;P;19;A5P19;24.322;0;0;0;0;24.322;0;0;0;D5;36;26.96
20;3;2023;6;A;5;F;19;A5F19;32.915;0;32.915;0;0;0;0;0;0;D2;36;26.96
20;3;2023;6;A;5;F;20;A5F20;19.426;0;16.103;0;0;0;0;0;3.323;D2;36;26.96
20;3;2023;6;A;5;P;20;A5P20;26.319;0;0;0;0;26.319;0;0;0;D5;36;26.96
20;3;2023;6;A;5;R;20;A5R20;24.568;0;0;0;0;0;0;0;24.568;morto;36;26.96
