dia;mes;ano;tempo;trat;sist;local;n;ID;YII;YIIdec;dia_exp;temp
13;2;2023;T0;C;1;P;1;C1P1;648;0.648;1;27.26
13;2;2023;T0;C;1;R;1;C1R1;767;0.767;1;27.26
13;2;2023;T0;C;1;F;1;C1F1;671;0.671;1;27.26
13;2;2023;T0;C;1;P;2;C1P2;644;0.644;1;27.26
13;2;2023;T0;C;1;R;2;C1R2;624;0.624;1;27.26
13;2;2023;T0;C;1;F;2;C1F2;612;0.612;1;27.26
13;2;2023;T0;C;1;P;3;C1P3;627;0.627;1;27.26
13;2;2023;T0;C;1;R;3;C1R3;603;0.603;1;27.26
13;2;2023;T0;C;1;F;3;C1F3;648;0.648;1;27.26
13;2;2023;T0;C;1;P;4;C1P4;670;0.67;1;27.26
13;2;2023;T0;C;1;R;4;C1R4;682;0.682;1;27.26
13;2;2023;T0;C;1;F;4;C1F4;657;0.657;1;27.26
13;2;2023;T0;A;2;P;9;A2P9;788;0.788;1;27.26
13;2;2023;T0;A;2;R;9;A2R9;776;0.776;1;27.26
13;2;2023;T0;A;2;F;9;A2F9;685;0.685;1;27.26
13;2;2023;T0;A;2;P;10;A2P10;658;0.658;1;27.26
13;2;2023;T0;A;2;R;10;A2R10;622;0.622;1;27.26
13;2;2023;T0;A;2;F;10;A2F10;648;0.648;1;27.26
13;2;2023;T0;A;2;P;11;A2P11;598;0.598;1;27.26
13;2;2023;T0;A;2;R;11;A2R11;620;0.62;1;27.26
13;2;2023;T0;A;2;F;11;A2F11;604;0.604;1;27.26
13;2;2023;T0;A;2;P;12;A2P12;761;0.761;1;27.26
13;2;2023;T0;A;2;R;12;A2R12;776;0.776;1;27.26
13;2;2023;T0;A;2;F;12;A2F12;669;0.669;1;27.26
13;2;2023;T0;A;3;P;13;A3P13;712;0.712;1;27.26
13;2;2023;T0;A;3;R;13;A3R13;654;0.654;1;27.26
13;2;2023;T0;A;3;F;13;A3F13;832;0.832;1;27.26
13;2;2023;T0;A;3;P;14;A3P14;677;0.677;1;27.26
13;2;2023;T0;A;3;R;14;A3R14;685;0.685;1;27.26
13;2;2023;T0;A;3;F;14;A3F14;640;0.64;1;27.26
13;2;2023;T0;A;3;P;15;A3P15;648;0.648;1;27.26
13;2;2023;T0;A;3;R;15;A3R15;663;0.663;1;27.26
13;2;2023;T0;A;3;F;15;A3F15;604;0.604;1;27.26
13;2;2023;T0;A;3;P;16;A3P16;716;0.716;1;27.26
13;2;2023;T0;A;3;R;16;A3R16;604;0.604;1;27.26
13;2;2023;T0;A;3;F;16;A3F16;571;0.571;1;27.26
13;2;2023;T0;C;4;P;5;C4P5;606;0.606;1;27.26
13;2;2023;T0;C;4;R;5;C4R5;481;0.481;1;27.26
13;2;2023;T0;C;4;F;5;C4F5;697;0.697;1;27.26
13;2;2023;T0;C;4;P;6;C4P6;680;0.68;1;27.26
13;2;2023;T0;C;4;R;6;C4R6;521;0.521;1;27.26
13;2;2023;T0;C;4;F;6;C4F6;561;0.561;1;27.26
13;2;2023;T0;C;4;P;7;C4P7;673;0.673;1;27.26
13;2;2023;T0;C;4;R;7;C4R7;562;0.562;1;27.26
13;2;2023;T0;C;4;F;7;C4F7;655;0.655;1;27.26
13;2;2023;T0;C;4;P;8;C4P8;689;0.689;1;27.26
13;2;2023;T0;C;4;R;8;C4R8;576;0.576;1;27.26
13;2;2023;T0;C;4;F;8;C4F8;728;0.728;1;27.26
13;2;2023;T0;A;5;P;17;A5P17;705;0.705;1;27.26
13;2;2023;T0;A;5;R;17;A5R17;826;0.826;1;27.26
13;2;2023;T0;A;5;F;17;A5F17;760;0.76;1;27.26
13;2;2023;T0;A;5;P;18;A5P18;776;0.776;1;27.26
13;2;2023;T0;A;5;R;18;A5R18;677;0.677;1;27.26
13;2;2023;T0;A;5;F;18;A5F18;634;0.634;1;27.26
13;2;2023;T0;A;5;P;19;A5P19;670;0.67;1;27.26
13;2;2023;T0;A;5;R;19;A5R19;624;0.624;1;27.26
13;2;2023;T0;A;5;F;19;A5F19;707;0.707;1;27.26
13;2;2023;T0;A;5;P;20;A5P20;795;0.795;1;27.26
13;2;2023;T0;A;5;R;20;A5R20;654;0.654;1;27.26
13;2;2023;T0;A;5;F;20;A5F20;653;0.653;1;27.26
15;2;2023;T1;C;1;P;1;C1P1;682;0.682;3;28.41
15;2;2023;T1;C;1;R;1;C1R1;658;0.658;3;28.41
15;2;2023;T1;C;1;F;1;C1F1;746;0.746;3;28.41
15;2;2023;T1;C;1;R;2;C1R2;616;0.616;3;28.41
15;2;2023;T1;C;1;P;2;C1P2;669;0.669;3;28.41
15;2;2023;T1;C;1;F;2;C1F2;682;0.682;3;28.41
15;2;2023;T1;C;1;P;3;C1P3;667;0.667;3;28.41
15;2;2023;T1;C;1;F;3;C1F3;652;0.652;3;28.41
15;2;2023;T1;C;1;R;3;C1R3;657;0.657;3;28.41
15;2;2023;T1;C;1;F;4;C1F4;714;0.714;3;28.41
15;2;2023;T1;C;1;R;4;C1R4;717;0.717;3;28.41
15;2;2023;T1;C;1;P;4;C1P4;696;0.696;3;28.41
15;2;2023;T1;A;2;R;9;A2R9;600;0.6;3;28.41
15;2;2023;T1;A;2;F;9;A2F9;664;0.664;3;28.41
15;2;2023;T1;A;2;P;9;A2P9;640;0.64;3;28.41
15;2;2023;T1;A;2;F;10;A2F10;668;0.668;3;28.41
15;2;2023;T1;A;2;R;10;A2R10;626;0.626;3;28.41
15;2;2023;T1;A;2;P;10;A2P10;648;0.648;3;28.41
15;2;2023;T1;A;2;P;11;A2P11;622;0.622;3;28.41
15;2;2023;T1;A;2;R;11;A2R11;640;0.64;3;28.41
15;2;2023;T1;A;2;F;11;A2F11;633;0.633;3;28.41
15;2;2023;T1;A;2;F;12;A2F12;701;0.701;3;28.41
15;2;2023;T1;A;2;P;12;A2P12;631;0.631;3;28.41
15;2;2023;T1;A;2;R;12;A2R12;625;0.625;3;28.41
15;2;2023;T1;A;3;F;13;A3F13;696;0.696;3;28.41
15;2;2023;T1;A;3;P;13;A3P13;643;0.643;3;28.41
15;2;2023;T1;A;3;R;13;A3R13;644;0.644;3;28.41
15;2;2023;T1;A;3;P;14;A3P14;644;0.644;3;28.41
15;2;2023;T1;A;3;R;14;A3R14;630;0.63;3;28.41
15;2;2023;T1;A;3;F;14;A3F14;659;0.659;3;28.41
15;2;2023;T1;A;3;F;15;A3F15;623;0.623;3;28.41
15;2;2023;T1;A;3;P;15;A3P15;676;0.676;3;28.41
15;2;2023;T1;A;3;R;15;A3R15;604;0.604;3;28.41
15;2;2023;T1;A;3;R;16;A3R16;529;0.529;3;28.41
15;2;2023;T1;A;3;F;16;A3F16;612;0.612;3;28.41
15;2;2023;T1;A;3;P;16;A3P16;639;0.639;3;28.41
15;2;2023;T1;C;4;F;5;C4F5;660;0.66;3;28.41
15;2;2023;T1;C;4;R;5;C4R5;506;0.506;3;28.41
15;2;2023;T1;C;4;P;5;C4P5;631;0.631;3;28.41
15;2;2023;T1;C;4;R;6;C4R6;582;0.582;3;28.41
15;2;2023;T1;C;4;F;6;C4F6;670;0.67;3;28.41
15;2;2023;T1;C;4;P;6;C4P6;658;0.658;3;28.41
15;2;2023;T1;C;4;R;7;C4R7;616;0.616;3;28.41
15;2;2023;T1;C;4;P;7;C4P7;673;0.673;3;28.41
15;2;2023;T1;C;4;F;7;C4F7;576;0.576;3;28.41
15;2;2023;T1;C;4;P;8;C4P8;660;0.66;3;28.41
15;2;2023;T1;C;4;F;8;C4F8;663;0.663;3;28.41
15;2;2023;T1;C;4;R;8;C4R8;562;0.562;3;28.41
15;2;2023;T1;A;5;P;17;A5P17;653;0.653;3;28.41
15;2;2023;T1;A;5;F;17;A5F17;647;0.647;3;28.41
15;2;2023;T1;A;5;R;17;A5R17;635;0.635;3;28.41
15;2;2023;T1;A;5;F;18;A5F18;638;0.638;3;28.41
15;2;2023;T1;A;5;R;18;A5R18;620;0.62;3;28.41
15;2;2023;T1;A;5;P;18;A5P18;625;0.625;3;28.41
15;2;2023;T1;A;5;R;19;A5R19;621;0.621;3;28.41
15;2;2023;T1;A;5;P;19;A5P19;631;0.631;3;28.41
15;2;2023;T1;A;5;F;19;A5F19;643;0.643;3;28.41
15;2;2023;T1;A;5;F;20;A5F20;692;0.692;3;28.41
15;2;2023;T1;A;5;P;20;A5P20;628;0.628;3;28.41
15;2;2023;T1;A;5;R;20;A5R20;617;0.617;3;28.41
17;2;2023;T2;C;1;P;1;C1P1;699;0.699;5;30.38
17;2;2023;T2;C;1;R;1;C1R1;557;0.557;5;30.38
17;2;2023;T2;C;1;F;1;C1F1;704;0.704;5;30.38
17;2;2023;T2;C;1;R;2;C1R2;671;0.671;5;30.38
17;2;2023;T2;C;1;P;2;C1P2;707;0.707;5;30.38
17;2;2023;T2;C;1;F;2;C1F2;681;0.681;5;30.38
17;2;2023;T2;C;1;P;3;C1P3;674;0.674;5;30.38
17;2;2023;T2;C;1;F;3;C1F3;684;0.684;5;30.38
17;2;2023;T2;C;1;R;3;C1R3;680;0.68;5;30.38
17;2;2023;T2;C;1;F;4;C1F4;743;0.743;5;30.38
17;2;2023;T2;C;1;R;4;C1R4;661;0.661;5;30.38
17;2;2023;T2;C;1;P;4;C1P4;704;0.704;5;30.38
17;2;2023;T2;C;4;F;5;C4F5;708;0.708;5;30.38
17;2;2023;T2;C;4;R;5;C4R5;591;0.591;5;30.38
17;2;2023;T2;C;4;P;5;C4P5;705;0.705;5;30.38
17;2;2023;T2;C;4;R;6;C4R6;660;0.66;5;30.38
17;2;2023;T2;C;4;F;6;C4F6;686;0.686;5;30.38
17;2;2023;T2;C;4;P;6;C4P6;702;0.702;5;30.38
17;2;2023;T2;C;4;R;7;C4R7;626;0.626;5;30.38
17;2;2023;T2;C;4;P;7;C4P7;672;0.672;5;30.38
17;2;2023;T2;C;4;F;7;C4F7;657;0.657;5;30.38
17;2;2023;T2;C;4;P;8;C4P8;706;0.706;5;30.38
17;2;2023;T2;C;4;F;8;C4F8;705;0.705;5;30.38
17;2;2023;T2;C;4;R;8;C4R8;659;0.659;5;30.38
17;2;2023;T2;A;2;R;9;A2R9;644;0.644;5;30.38
17;2;2023;T2;A;2;F;9;A2F9;642;0.642;5;30.38
17;2;2023;T2;A;2;P;9;A2P9;684;0.684;5;30.38
17;2;2023;T2;A;2;F;10;A2F10;686;0.686;5;30.38
17;2;2023;T2;A;2;R;10;A2R10;645;0.645;5;30.38
17;2;2023;T2;A;2;P;10;A2P10;711;0.711;5;30.38
17;2;2023;T2;A;2;P;11;A2P11;698;0.698;5;30.38
17;2;2023;T2;A;2;R;11;A2R11;642;0.642;5;30.38
17;2;2023;T2;A;2;F;11;A2F11;681;0.681;5;30.38
17;2;2023;T2;A;2;F;12;A2F12;704;0.704;5;30.38
17;2;2023;T2;A;2;P;12;A2P12;670;0.67;5;30.38
17;2;2023;T2;A;2;R;12;A2R12;676;0.676;5;30.38
17;2;2023;T2;A;3;F;13;A3F13;675;0.675;5;30.38
17;2;2023;T2;A;3;P;13;A3P13;725;0.725;5;30.38
17;2;2023;T2;A;3;R;13;A3R13;719;0.719;5;30.38
17;2;2023;T2;A;3;P;14;A3P14;496;0.496;5;30.38
17;2;2023;T2;A;3;R;14;A3R14;643;0.643;5;30.38
17;2;2023;T2;A;3;F;14;A3F14;685;0.685;5;30.38
17;2;2023;T2;A;3;F;15;A3F15;653;0.653;5;30.38
17;2;2023;T2;A;3;P;15;A3P15;705;0.705;5;30.38
17;2;2023;T2;A;3;R;15;A3R15;623;0.623;5;30.38
17;2;2023;T2;A;3;R;16;A3R16;639;0.639;5;30.38
17;2;2023;T2;A;3;F;16;A3F16;728;0.728;5;30.38
17;2;2023;T2;A;3;P;16;A3P16;696;0.696;5;30.38
17;2;2023;T2;A;5;P;17;A5P17;677;0.677;5;30.38
17;2;2023;T2;A;5;F;17;A5F17;685;0.685;5;30.38
17;2;2023;T2;A;5;R;17;A5R17;691;0.691;5;30.38
17;2;2023;T2;A;5;F;18;A5F18;716;0.716;5;30.38
17;2;2023;T2;A;5;R;18;A5R18;657;0.657;5;30.38
17;2;2023;T2;A;5;P;18;A5P18;693;0.693;5;30.38
17;2;2023;T2;A;5;R;19;A5R19;649;0.649;5;30.38
17;2;2023;T2;A;5;P;19;A5P19;686;0.686;5;30.38
17;2;2023;T2;A;5;F;19;A5F19;691;0.691;5;30.38
17;2;2023;T2;A;5;F;20;A5F20;707;0.707;5;30.38
17;2;2023;T2;A;5;P;20;A5P20;668;0.668;5;30.38
17;2;2023;T2;A;5;R;20;A5R20;597;0.597;5;30.38
18;2;2023;T3;C;1;P;1;C1P1;711;0.711;6;31.58
18;2;2023;T3;C;1;R;1;C1R1;630;0.63;6;31.58
18;2;2023;T3;C;1;F;1;C1F1;721;0.721;6;31.58
18;2;2023;T3;C;1;R;2;C1R2;698;0.698;6;31.58
18;2;2023;T3;C;1;P;2;C1P2;663;0.663;6;31.58
18;2;2023;T3;C;1;F;2;C1F2;633;0.633;6;31.58
18;2;2023;T3;C;1;P;3;C1P3;681;0.681;6;31.58
18;2;2023;T3;C;1;F;3;C1F3;696;0.696;6;31.58
18;2;2023;T3;C;1;R;3;C1R3;697;0.697;6;31.58
18;2;2023;T3;C;1;F;4;C1F4;744;0.744;6;31.58
18;2;2023;T3;C;1;R;4;C1R4;679;0.679;6;31.58
18;2;2023;T3;C;1;P;4;C1P4;698;0.698;6;31.58
18;2;2023;T3;A;2;R;9;A2R9;422;0.422;6;31.58
18;2;2023;T3;A;2;F;9;A2F9;634;0.634;6;31.58
18;2;2023;T3;A;2;P;9;A2P9;691;0.691;6;31.58
18;2;2023;T3;A;2;F;10;A2F10;658;0.658;6;31.58
18;2;2023;T3;A;2;R;10;A2R10;651;0.651;6;31.58
18;2;2023;T3;A;2;P;10;A2P10;676;0.676;6;31.58
18;2;2023;T3;A;2;P;11;A2P11;704;0.704;6;31.58
18;2;2023;T3;A;2;R;11;A2R11;687;0.687;6;31.58
18;2;2023;T3;A;2;F;11;A2F11;675;0.675;6;31.58
18;2;2023;T3;A;2;F;12;A2F12;698;0.698;6;31.58
18;2;2023;T3;A;2;P;12;A2P12;661;0.661;6;31.58
18;2;2023;T3;A;2;R;12;A2R12;690;0.69;6;31.58
18;2;2023;T3;A;3;F;13;A3F13;677;0.677;6;31.58
18;2;2023;T3;A;3;P;13;A3P13;673;0.673;6;31.58
18;2;2023;T3;A;3;R;13;A3R13;638;0.638;6;31.58
18;2;2023;T3;A;3;P;14;A3P14;318;0.318;6;31.58
18;2;2023;T3;A;3;R;14;A3R14;662;0.662;6;31.58
18;2;2023;T3;A;3;F;14;A3F14;679;0.679;6;31.58
18;2;2023;T3;A;3;F;15;A3F15;676;0.676;6;31.58
18;2;2023;T3;A;3;P;15;A3P15;698;0.698;6;31.58
18;2;2023;T3;A;3;R;15;A3R15;660;0.66;6;31.58
18;2;2023;T3;A;3;R;16;A3R16;609;0.609;6;31.58
18;2;2023;T3;A;3;F;16;A3F16;654;0.654;6;31.58
18;2;2023;T3;A;3;P;16;A3P16;638;0.638;6;31.58
18;2;2023;T3;C;4;F;5;C4F5;726;0.726;6;31.58
18;2;2023;T3;C;4;R;5;C4R5;624;0.624;6;31.58
18;2;2023;T3;C;4;P;5;C4P5;662;0.662;6;31.58
18;2;2023;T3;C;4;R;6;C4R6;633;0.633;6;31.58
18;2;2023;T3;C;4;F;6;C4F6;658;0.658;6;31.58
18;2;2023;T3;C;4;P;6;C4P6;677;0.677;6;31.58
18;2;2023;T3;C;4;R;7;C4R7;667;0.667;6;31.58
18;2;2023;T3;C;4;P;7;C4P7;642;0.642;6;31.58
18;2;2023;T3;C;4;F;7;C4F7;623;0.623;6;31.58
18;2;2023;T3;C;4;P;8;C4P8;651;0.651;6;31.58
18;2;2023;T3;C;4;F;8;C4F8;643;0.643;6;31.58
18;2;2023;T3;C;4;R;8;C4R8;658;0.658;6;31.58
18;2;2023;T3;A;5;P;17;A5P17;646;0.646;6;31.58
18;2;2023;T3;A;5;F;17;A5F17;686;0.686;6;31.58
18;2;2023;T3;A;5;R;17;A5R17;648;0.648;6;31.58
18;2;2023;T3;A;5;F;18;A5F18;672;0.672;6;31.58
18;2;2023;T3;A;5;R;18;A5R18;637;0.637;6;31.58
18;2;2023;T3;A;5;P;18;A5P18;678;0.678;6;31.58
18;2;2023;T3;A;5;R;19;A5R19;666;0.666;6;31.58
18;2;2023;T3;A;5;P;19;A5P19;645;0.645;6;31.58
18;2;2023;T3;A;5;F;19;A5F19;665;0.665;6;31.58
18;2;2023;T3;A;5;F;20;A5F20;717;0.717;6;31.58
18;2;2023;T3;A;5;P;20;A5P20;658;0.658;6;31.58
18;2;2023;T3;A;5;R;20;A5R20;577;0.577;6;31.58
21;2;2023;T4;C;1;P;1;C1P1;712;0.712;9;31.94
21;2;2023;T4;C;1;R;1;C1R1;678;0.678;9;31.94
21;2;2023;T4;C;1;F;1;C1F1;689;0.689;9;31.94
21;2;2023;T4;C;1;R;2;C1R2;699;0.699;9;31.94
21;2;2023;T4;C;1;P;2;C1P2;669;0.669;9;31.94
21;2;2023;T4;C;1;F;2;C1F2;672;0.672;9;31.94
21;2;2023;T4;C;1;P;3;C1P3;698;0.698;9;31.94
21;2;2023;T4;C;1;F;3;C1F3;704;0.704;9;31.94
21;2;2023;T4;C;1;R;3;C1R3;710;0.71;9;31.94
21;2;2023;T4;C;1;F;4;C1F4;754;0.754;9;31.94
21;2;2023;T4;C;1;R;4;C1R4;676;0.676;9;31.94
21;2;2023;T4;C;1;P;4;C1P4;702;0.702;9;31.94
21;2;2023;T4;A;2;R;9;A2R9;521;0.521;9;31.94
21;2;2023;T4;A;2;F;9;A2F9;638;0.638;9;31.94
21;2;2023;T4;A;2;P;9;A2P9;701;0.701;9;31.94
21;2;2023;T4;A;2;F;10;A2F10;412;0.412;9;31.94
21;2;2023;T4;A;2;R;10;A2R10;687;0.687;9;31.94
21;2;2023;T4;A;2;P;10;A2P10;681;0.681;9;31.94
21;2;2023;T4;A;2;P;11;A2P11;659;0.659;9;31.94
21;2;2023;T4;A;2;R;11;A2R11;645;0.645;9;31.94
21;2;2023;T4;A;2;F;11;A2F11;648;0.648;9;31.94
21;2;2023;T4;A;2;F;12;A2F12;662;0.662;9;31.94
21;2;2023;T4;A;2;P;12;A2P12;682;0.682;9;31.94
21;2;2023;T4;A;2;R;12;A2R12;704;0.704;9;31.94
21;2;2023;T4;C;4;F;5;C4F5;715;0.715;9;31.94
21;2;2023;T4;C;4;R;5;C4R5;648;0.648;9;31.94
21;2;2023;T4;C;4;P;5;C4P5;763;0.763;9;31.94
21;2;2023;T4;C;4;R;6;C4R6;648;0.648;9;31.94
21;2;2023;T4;C;4;F;6;C4F6;697;0.697;9;31.94
21;2;2023;T4;C;4;P;6;C4P6;696;0.696;9;31.94
21;2;2023;T4;C;4;R;7;C4R7;636;0.636;9;31.94
21;2;2023;T4;C;4;P;7;C4P7;695;0.695;9;31.94
21;2;2023;T4;C;4;F;7;C4F7;694;0.694;9;31.94
21;2;2023;T4;C;4;P;8;C4P8;684;0.684;9;31.94
21;2;2023;T4;C;4;F;8;C4F8;703;0.703;9;31.94
21;2;2023;T4;C;4;R;8;C4R8;682;0.682;9;31.94
21;2;2023;T4;A;3;F;13;A3F13;508;0.508;9;31.94
21;2;2023;T4;A;3;P;13;A3P13;660;0.66;9;31.94
21;2;2023;T4;A;3;R;13;A3R13;681;0.681;9;31.94
21;2;2023;T4;A;3;P;14;A3P14;327;0.327;9;31.94
21;2;2023;T4;A;3;R;14;A3R14;637;0.637;9;31.94
21;2;2023;T4;A;3;F;14;A3F14;660;0.66;9;31.94
21;2;2023;T4;A;3;F;15;A3F15;666;0.666;9;31.94
21;2;2023;T4;A;3;P;15;A3P15;705;0.705;9;31.94
21;2;2023;T4;A;3;R;15;A3R15;642;0.642;9;31.94
21;2;2023;T4;A;3;R;16;A3R16;650;0.65;9;31.94
21;2;2023;T4;A;3;F;16;A3F16;641;0.641;9;31.94
21;2;2023;T4;A;3;P;16;A3P16;700;0.7;9;31.94
21;2;2023;T4;A;5;P;17;A5P17;713;0.713;9;31.94
21;2;2023;T4;A;5;F;17;A5F17;654;0.654;9;31.94
21;2;2023;T4;A;5;R;17;A5R17;699;0.699;9;31.94
21;2;2023;T4;A;5;F;18;A5F18;541;0.541;9;31.94
21;2;2023;T4;A;5;R;18;A5R18;657;0.657;9;31.94
21;2;2023;T4;A;5;P;18;A5P18;670;0.67;9;31.94
21;2;2023;T4;A;5;R;19;A5R19;671;0.671;9;31.94
21;2;2023;T4;A;5;P;19;A5P19;694;0.694;9;31.94
21;2;2023;T4;A;5;F;19;A5F19;682;0.682;9;31.94
21;2;2023;T4;A;5;F;20;A5F20;619;0.619;9;31.94
21;2;2023;T4;A;5;P;20;A5P20;680;0.68;9;31.94
21;2;2023;T4;A;5;R;20;A5R20;388;0.388;9;31.94
23;2;2023;T5;C;1;P;1;C1P1;695;0.695;11;31.96
23;2;2023;T5;C;1;R;1;C1R1;670;0.67;11;31.96
23;2;2023;T5;C;1;F;1;C1F1;689;0.689;11;31.96
23;2;2023;T5;C;1;R;2;C1R2;647;0.647;11;31.96
23;2;2023;T5;C;1;P;2;C1P2;670;0.67;11;31.96
23;2;2023;T5;C;1;F;2;C1F2;693;0.693;11;31.96
23;2;2023;T5;C;1;P;3;C1P3;663;0.663;11;31.96
23;2;2023;T5;C;1;F;3;C1F3;720;0.72;11;31.96
23;2;2023;T5;C;1;R;3;C1R3;670;0.67;11;31.96
23;2;2023;T5;C;1;F;4;C1F4;746;0.746;11;31.96
23;2;2023;T5;C;1;R;4;C1R4;649;0.649;11;31.96
23;2;2023;T5;C;1;P;4;C1P4;702;0.702;11;31.96
23;2;2023;T5;A;2;R;9;A2R9;403;0.403;11;31.96
23;2;2023;T5;A;2;F;9;A2F9;673;0.673;11;31.96
23;2;2023;T5;A;2;P;9;A2P9;655;0.655;11;31.96
23;2;2023;T5;A;2;F;10;A2F10;602;0.602;11;31.96
23;2;2023;T5;A;2;R;10;A2R10;643;0.643;11;31.96
23;2;2023;T5;A;2;P;10;A2P10;608;0.608;11;31.96
23;2;2023;T5;A;2;P;11;A2P11;669;0.669;11;31.96
23;2;2023;T5;A;2;R;11;A2R11;664;0.664;11;31.96
23;2;2023;T5;A;2;F;11;A2F11;628;0.628;11;31.96
23;2;2023;T5;A;2;F;12;A2F12;693;0.693;11;31.96
23;2;2023;T5;A;2;P;12;A2P12;670;0.67;11;31.96
23;2;2023;T5;A;2;R;12;A2R12;670;0.67;11;31.96
23;2;2023;T5;A;3;F;13;A3F13;322;0.322;11;31.96
23;2;2023;T5;A;3;P;13;A3P13;663;0.663;11;31.96
23;2;2023;T5;A;3;R;13;A3R13;667;0.667;11;31.96
23;2;2023;T5;A;3;P;14;A3P14;219;0.219;11;31.96
23;2;2023;T5;A;3;R;14;A3R14;640;0.64;11;31.96
23;2;2023;T5;A;3;F;14;A3F14;635;0.635;11;31.96
23;2;2023;T5;A;3;F;15;A3F15;625;0.625;11;31.96
23;2;2023;T5;A;3;R;15;A3R15;685;0.685;11;31.96
23;2;2023;T5;A;3;P;15;A3P15;654;0.654;11;31.96
23;2;2023;T5;A;3;R;16;A3R16;663;0.663;11;31.96
23;2;2023;T5;A;3;F;16;A3F16;609;0.609;11;31.96
23;2;2023;T5;A;3;P;16;A3P16;647;0.647;11;31.96
23;2;2023;T5;C;4;F;5;C4F5;703;0.703;11;31.96
23;2;2023;T5;C;4;R;5;C4R5;635;0.635;11;31.96
23;2;2023;T5;C;4;P;5;C4P5;673;0.673;11;31.96
23;2;2023;T5;C;4;R;6;C4R6;626;0.626;11;31.96
23;2;2023;T5;C;4;F;6;C4F6;665;0.665;11;31.96
23;2;2023;T5;C;4;P;6;C4P6;669;0.669;11;31.96
23;2;2023;T5;C;4;R;7;C4R7;669;0.669;11;31.96
23;2;2023;T5;C;4;P;7;C4P7;656;0.656;11;31.96
23;2;2023;T5;C;4;F;7;C4F7;675;0.675;11;31.96
23;2;2023;T5;C;4;P;8;C4P8;678;0.678;11;31.96
23;2;2023;T5;C;4;F;8;C4F8;696;0.696;11;31.96
23;2;2023;T5;C;4;R;8;C4R8;656;0.656;11;31.96
23;2;2023;T5;A;5;P;17;A5P17;660;0.66;11;31.96
23;2;2023;T5;A;5;F;17;A5F17;631;0.631;11;31.96
23;2;2023;T5;A;5;R;17;A5R17;682;0.682;11;31.96
23;2;2023;T5;A;5;F;18;A5F18;624;0.624;11;31.96
23;2;2023;T5;A;5;R;18;A5R18;651;0.651;11;31.96
23;2;2023;T5;A;5;P;18;A5P18;649;0.649;11;31.96
23;2;2023;T5;A;5;R;19;A5R19;654;0.654;11;31.96
23;2;2023;T5;A;5;P;19;A5P19;638;0.638;11;31.96
23;2;2023;T5;A;5;F;19;A5F19;627;0.627;11;31.96
23;2;2023;T5;A;5;F;20;A5F20;627;0.627;11;31.96
23;2;2023;T5;A;5;P;20;A5P20;655;0.655;11;31.96
23;2;2023;T5;A;5;R;20;A5R20;207;0.207;11;31.96
24;2;2023;T6;C;1;P;1;C1P1;695;0.695;12;31.93
24;2;2023;T6;C;1;R;1;C1R1;625;0.625;12;31.93
24;2;2023;T6;C;1;F;1;C1F1;686;0.686;12;31.93
24;2;2023;T6;C;1;R;2;C1R2;663;0.663;12;31.93
24;2;2023;T6;C;1;P;2;C1P2;641;0.641;12;31.93
24;2;2023;T6;C;1;F;2;C1F2;658;0.658;12;31.93
24;2;2023;T6;C;1;P;3;C1P3;625;0.625;12;31.93
24;2;2023;T6;C;1;F;3;C1F3;673;0.673;12;31.93
24;2;2023;T6;C;1;R;3;C1R3;655;0.655;12;31.93
24;2;2023;T6;C;1;F;4;C1F4;737;0.737;12;31.93
24;2;2023;T6;C;1;R;4;C1R4;681;0.681;12;31.93
24;2;2023;T6;C;1;P;4;C1P4;647;0.647;12;31.93
24;2;2023;T6;A;2;R;9;A2R9;421;0.421;12;31.93
24;2;2023;T6;A;2;F;9;A2F9;691;0.691;12;31.93
24;2;2023;T6;A;2;P;9;A2P9;681;0.681;12;31.93
24;2;2023;T6;A;2;F;10;A2F10;195;0.195;12;31.93
24;2;2023;T6;A;2;R;10;A2R10;594;0.594;12;31.93
24;2;2023;T6;A;2;P;10;A2P10;591;0.591;12;31.93
24;2;2023;T6;A;2;P;11;A2P11;621;0.621;12;31.93
24;2;2023;T6;A;2;R;11;A2R11;579;0.579;12;31.93
24;2;2023;T6;A;2;F;11;A2F11;0;0;12;31.93
24;2;2023;T6;A;2;F;12;A2F12;651;0.651;12;31.93
24;2;2023;T6;A;2;P;12;A2P12;665;0.665;12;31.93
24;2;2023;T6;A;2;R;12;A2R12;634;0.634;12;31.93
24;2;2023;T6;A;3;F;13;A3F13;506;0.506;12;31.93
24;2;2023;T6;A;3;P;13;A3P13;647;0.647;12;31.93
24;2;2023;T6;A;3;R;13;A3R13;660;0.66;12;31.93
24;2;2023;T6;A;3;P;14;A3P14;196;0.196;12;31.93
24;2;2023;T6;A;3;R;14;A3R14;601;0.601;12;31.93
24;2;2023;T6;A;3;F;14;A3F14;599;0.599;12;31.93
24;2;2023;T6;A;3;F;15;A3F15;609;0.609;12;31.93
24;2;2023;T6;A;3;R;15;A3R15;687;0.687;12;31.93
24;2;2023;T6;A;3;P;15;A3P15;635;0.635;12;31.93
24;2;2023;T6;A;3;R;16;A3R16;649;0.649;12;31.93
24;2;2023;T6;A;3;F;16;A3F16;573;0.573;12;31.93
24;2;2023;T6;A;3;P;16;A3P16;730;0.73;12;31.93
24;2;2023;T6;C;4;F;5;C4F5;687;0.687;12;31.93
24;2;2023;T6;C;4;R;5;C4R5;670;0.67;12;31.93
24;2;2023;T6;C;4;P;5;C4P5;663;0.663;12;31.93
24;2;2023;T6;C;4;R;6;C4R6;621;0.621;12;31.93
24;2;2023;T6;C;4;F;6;C4F6;652;0.652;12;31.93
24;2;2023;T6;C;4;P;6;C4P6;742;0.742;12;31.93
24;2;2023;T6;C;4;R;7;C4R7;670;0.67;12;31.93
24;2;2023;T6;C;4;P;7;C4P7;650;0.65;12;31.93
24;2;2023;T6;C;4;F;7;C4F7;672;0.672;12;31.93
24;2;2023;T6;C;4;P;8;C4P8;682;0.682;12;31.93
24;2;2023;T6;C;4;F;8;C4F8;683;0.683;12;31.93
24;2;2023;T6;C;4;R;8;C4R8;651;0.651;12;31.93
24;2;2023;T6;A;5;P;17;A5P17;684;0.684;12;31.93
24;2;2023;T6;A;5;F;17;A5F17;613;0.613;12;31.93
24;2;2023;T6;A;5;R;17;A5R17;582;0.582;12;31.93
24;2;2023;T6;A;5;F;18;A5F18;589;0.589;12;31.93
24;2;2023;T6;A;5;R;18;A5R18;635;0.635;12;31.93
24;2;2023;T6;A;5;P;18;A5P18;658;0.658;12;31.93
24;2;2023;T6;A;5;R;19;A5R19;674;0.674;12;31.93
24;2;2023;T6;A;5;P;19;A5P19;683;0.683;12;31.93
24;2;2023;T6;A;5;F;19;A5F19;190;0.19;12;31.93
24;2;2023;T6;A;5;F;20;A5F20;587;0.587;12;31.93
24;2;2023;T6;A;5;P;20;A5P20;649;0.649;12;31.93
24;2;2023;T6;A;5;R;20;A5R20;198;0.198;12;31.93
27;2;2023;T7;C;1;P;1;C1P1;724;0.724;15;30.4
27;2;2023;T7;C;1;R;1;C1R1;652;0.652;15;30.4
27;2;2023;T7;C;1;F;1;C1F1;708;0.708;15;30.4
27;2;2023;T7;C;1;R;2;C1R2;659;0.659;15;30.4
27;2;2023;T7;C;1;P;2;C1P2;650;0.65;15;30.4
27;2;2023;T7;C;1;F;2;C1F2;674;0.674;15;30.4
27;2;2023;T7;C;1;P;3;C1P3;636;0.636;15;30.4
27;2;2023;T7;C;1;F;3;C1F3;675;0.675;15;30.4
27;2;2023;T7;C;1;R;3;C1R3;665;0.665;15;30.4
27;2;2023;T7;C;1;F;4;C1F4;700;0.7;15;30.4
27;2;2023;T7;C;1;R;4;C1R4;651;0.651;15;30.4
27;2;2023;T7;C;1;P;4;C1P4;701;0.701;15;30.4
27;2;2023;T7;A;2;R;9;A2R9;435;0.435;15;30.4
27;2;2023;T7;A;2;F;9;A2F9;0;0;15;30.4
27;2;2023;T7;A;2;P;9;A2P9;713;0.713;15;30.4
27;2;2023;T7;A;2;F;10;A2F10;0;0;15;30.4
27;2;2023;T7;A;2;R;10;A2R10;425;0.425;15;30.4
27;2;2023;T7;A;2;P;10;A2P10;692;0.692;15;30.4
27;2;2023;T7;A;2;P;11;A2P11;679;0.679;15;30.4
27;2;2023;T7;A;2;R;11;A2R11;669;0.669;15;30.4
27;2;2023;T7;A;2;F;11;A2F11;0;0;15;30.4
27;2;2023;T7;A;2;F;12;A2F12;672;0.672;15;30.4
27;2;2023;T7;A;2;P;12;A2P12;696;0.696;15;30.4
27;2;2023;T7;A;2;R;12;A2R12;697;0.697;15;30.4
27;2;2023;T7;C;4;F;5;C4F5;682;0.682;15;30.4
27;2;2023;T7;C;4;R;5;C4R5;622;0.622;15;30.4
27;2;2023;T7;C;4;P;5;C4P5;647;0.647;15;30.4
27;2;2023;T7;C;4;R;6;C4R6;633;0.633;15;30.4
27;2;2023;T7;C;4;F;6;C4F6;684;0.684;15;30.4
27;2;2023;T7;C;4;P;6;C4P6;686;0.686;15;30.4
27;2;2023;T7;C;4;R;7;C4R7;646;0.646;15;30.4
27;2;2023;T7;C;4;P;7;C4P7;670;0.67;15;30.4
27;2;2023;T7;C;4;F;7;C4F7;678;0.678;15;30.4
27;2;2023;T7;C;4;P;8;C4P8;697;0.697;15;30.4
27;2;2023;T7;C;4;F;8;C4F8;705;0.705;15;30.4
27;2;2023;T7;C;4;R;8;C4R8;693;0.693;15;30.4
27;2;2023;T7;A;3;F;13;A3F13;525;0.525;15;30.4
27;2;2023;T7;A;3;P;13;A3P13;377;0.377;15;30.4
27;2;2023;T7;A;3;R;13;A3R13;0;0;15;30.4
27;2;2023;T7;A;3;P;14;A3P14;0;0;15;30.4
27;2;2023;T7;A;3;R;14;A3R14;215;0.215;15;30.4
27;2;2023;T7;A;3;F;14;A3F14;0;0;15;30.4
27;2;2023;T7;A;3;F;15;A3F15;0;0;15;30.4
27;2;2023;T7;A;3;R;15;A3R15;0;0;15;30.4
27;2;2023;T7;A;3;P;15;A3P15;681;0.681;15;30.4
27;2;2023;T7;A;3;R;16;A3R16;444;0.444;15;30.4
27;2;2023;T7;A;3;F;16;A3F16;0;0;15;30.4
27;2;2023;T7;A;3;P;16;A3P16;663;0.663;15;30.4
27;2;2023;T7;A;5;P;17;A5P17;666;0.666;15;30.4
27;2;2023;T7;A;5;F;17;A5F17;613;0.613;15;30.4
27;2;2023;T7;A;5;R;17;A5R17;681;0.681;15;30.4
27;2;2023;T7;A;5;F;18;A5F18;0;0;15;30.4
27;2;2023;T7;A;5;R;18;A5R18;435;0.435;15;30.4
27;2;2023;T7;A;5;P;18;A5P18;702;0.702;15;30.4
27;2;2023;T7;A;5;R;19;A5R19;437;0.437;15;30.4
27;2;2023;T7;A;5;P;19;A5P19;673;0.673;15;30.4
27;2;2023;T7;A;5;F;19;A5F19;0;0;15;30.4
27;2;2023;T7;A;5;F;20;A5F20;0;0;15;30.4
27;2;2023;T7;A;5;P;20;A5P20;654;0.654;15;30.4
27;2;2023;T7;A;5;R;20;A5R20;0;0;15;30.4
1;3;2023;T8;C;1;P;1;C1P1;714;0.714;17;27.07
1;3;2023;T8;C;1;R;1;C1R1;712;0.712;17;27.07
1;3;2023;T8;C;1;F;1;C1F1;669;0.669;17;27.07
1;3;2023;T8;C;1;R;2;C1R2;658;0.658;17;27.07
1;3;2023;T8;C;1;P;2;C1P2;605;0.605;17;27.07
1;3;2023;T8;C;1;F;2;C1F2;692;0.692;17;27.07
1;3;2023;T8;C;1;P;3;C1P3;628;0.628;17;27.07
1;3;2023;T8;C;1;F;3;C1F3;671;0.671;17;27.07
1;3;2023;T8;C;1;R;3;C1R3;640;0.64;17;27.07
1;3;2023;T8;C;1;F;4;C1F4;713;0.713;17;27.07
1;3;2023;T8;C;1;R;4;C1R4;681;0.681;17;27.07
1;3;2023;T8;C;1;P;4;C1P4;738;0.738;17;27.07
1;3;2023;T8;A;2;R;9;A2R9;206;0.206;17;27.07
1;3;2023;T8;A;2;F;9;A2F9;659;0.659;17;27.07
1;3;2023;T8;A;2;P;9;A2P9;695;0.695;17;27.07
1;3;2023;T8;A;2;F;10;A2F10;0;0;17;27.07
1;3;2023;T8;A;2;R;10;A2R10;0;0;17;27.07
1;3;2023;T8;A;2;P;10;A2P10;657;0.657;17;27.07
1;3;2023;T8;A;2;P;11;A2P11;725;0.725;17;27.07
1;3;2023;T8;A;2;R;11;A2R11;707;0.707;17;27.07
1;3;2023;T8;A;2;F;11;A2F11;0;0;17;27.07
1;3;2023;T8;A;2;F;12;A2F12;619;0.619;17;27.07
1;3;2023;T8;A;2;P;12;A2P12;682;0.682;17;27.07
1;3;2023;T8;A;2;R;12;A2R12;680;0.68;17;27.07
1;3;2023;T8;C;4;F;5;C4F5;746;0.746;17;27.07
1;3;2023;T8;C;4;R;5;C4R5;618;0.618;17;27.07
1;3;2023;T8;C;4;P;5;C4P5;660;0.66;17;27.07
1;3;2023;T8;C;4;R;6;C4R6;629;0.629;17;27.07
1;3;2023;T8;C;4;F;6;C4F6;632;0.632;17;27.07
1;3;2023;T8;C;4;P;6;C4P6;705;0.705;17;27.07
1;3;2023;T8;C;4;R;7;C4R7;615;0.615;17;27.07
1;3;2023;T8;C;4;P;7;C4P7;673;0.673;17;27.07
1;3;2023;T8;C;4;F;7;C4F7;687;0.687;17;27.07
1;3;2023;T8;C;4;P;8;C4P8;719;0.719;17;27.07
1;3;2023;T8;C;4;F;8;C4F8;726;0.726;17;27.07
1;3;2023;T8;C;4;R;8;C4R8;709;0.709;17;27.07
1;3;2023;T8;A;3;F;13;A3F13;494;0.494;17;27.07
1;3;2023;T8;A;3;P;13;A3P13;142;0.142;17;27.07
1;3;2023;T8;A;3;R;13;A3R13;0;0;17;27.07
1;3;2023;T8;A;3;P;14;A3P14;0;0;17;27.07
1;3;2023;T8;A;3;R;14;A3R14;0;0;17;27.07
1;3;2023;T8;A;3;F;14;A3F14;0;0;17;27.07
1;3;2023;T8;A;3;F;15;A3F15;0;0;17;27.07
1;3;2023;T8;A;3;R;15;A3R15;0;0;17;27.07
1;3;2023;T8;A;3;P;15;A3P15;662;0.662;17;27.07
1;3;2023;T8;A;3;R;16;A3R16;641;0.641;17;27.07
1;3;2023;T8;A;3;F;16;A3F16;0;0;17;27.07
1;3;2023;T8;A;3;P;16;A3P16;684;0.684;17;27.07
1;3;2023;T8;A;5;P;17;A5P17;695;0.695;17;27.07
1;3;2023;T8;A;5;F;17;A5F17;0;0;17;27.07
1;3;2023;T8;A;5;R;17;A5R17;697;0.697;17;27.07
1;3;2023;T8;A;5;F;18;A5F18;0;0;17;27.07
1;3;2023;T8;A;5;R;18;A5R18;237;0.237;17;27.07
1;3;2023;T8;A;5;P;18;A5P18;657;0.657;17;27.07
1;3;2023;T8;A;5;R;19;A5R19;629;0.629;17;27.07
1;3;2023;T8;A;5;P;19;A5P19;640;0.64;17;27.07
1;3;2023;T8;A;5;F;19;A5F19;0;0;17;27.07
1;3;2023;T8;A;5;F;20;A5F20;0;0;17;27.07
1;3;2023;T8;A;5;P;20;A5P20;690;0.69;17;27.07
1;3;2023;T8;A;5;R;20;A5R20;0;0;17;27.07
3;3;2023;T9;C;1;P;1;C1P1;710;0.71;19;27.06
3;3;2023;T9;C;1;R;1;C1R1;677;0.677;19;27.06
3;3;2023;T9;C;1;F;1;C1F1;676;0.676;19;27.06
3;3;2023;T9;C;1;R;2;C1R2;679;0.679;19;27.06
3;3;2023;T9;C;1;P;2;C1P2;673;0.673;19;27.06
3;3;2023;T9;C;1;F;2;C1F2;738;0.738;19;27.06
3;3;2023;T9;C;1;P;3;C1P3;666;0.666;19;27.06
3;3;2023;T9;C;1;F;3;C1F3;722;0.722;19;27.06
3;3;2023;T9;C;1;R;3;C1R3;748;0.748;19;27.06
3;3;2023;T9;C;1;F;4;C1F4;748;0.748;19;27.06
3;3;2023;T9;C;1;R;4;C1R4;700;0.7;19;27.06
3;3;2023;T9;C;1;P;4;C1P4;701;0.701;19;27.06
3;3;2023;T9;A;2;R;9;A2R9;248;0.248;19;27.06
3;3;2023;T9;A;2;F;9;A2F9;0;0;19;27.06
3;3;2023;T9;A;2;P;9;A2P9;819;0.819;19;27.06
3;3;2023;T9;A;2;F;10;A2F10;0;0;19;27.06
3;3;2023;T9;A;2;R;10;A2R10;0;0;19;27.06
3;3;2023;T9;A;2;P;10;A2P10;456;0.456;19;27.06
3;3;2023;T9;A;2;P;11;A2P11;730;0.73;19;27.06
3;3;2023;T9;A;2;R;11;A2R11;0;0;19;27.06
3;3;2023;T9;A;2;F;11;A2F11;0;0;19;27.06
3;3;2023;T9;A;2;F;12;A2F12;413;0.413;19;27.06
3;3;2023;T9;A;2;P;12;A2P12;787;0.787;19;27.06
3;3;2023;T9;A;2;R;12;A2R12;0;0;19;27.06
3;3;2023;T9;C;4;F;5;C4F5;696;0.696;19;27.06
3;3;2023;T9;C;4;R;5;C4R5;777;0.777;19;27.06
3;3;2023;T9;C;4;P;5;C4P5;740;0.74;19;27.06
3;3;2023;T9;C;4;R;6;C4R6;705;0.705;19;27.06
3;3;2023;T9;C;4;F;6;C4F6;748;0.748;19;27.06
3;3;2023;T9;C;4;P;6;C4P6;761;0.761;19;27.06
3;3;2023;T9;C;4;R;7;C4R7;782;0.782;19;27.06
3;3;2023;T9;C;4;P;7;C4P7;645;0.645;19;27.06
3;3;2023;T9;C;4;F;7;C4F7;767;0.767;19;27.06
3;3;2023;T9;C;4;P;8;C4P8;775;0.775;19;27.06
3;3;2023;T9;C;4;F;8;C4F8;740;0.74;19;27.06
3;3;2023;T9;C;4;R;8;C4R8;703;0.703;19;27.06
3;3;2023;T9;A;3;F;13;A3F13;627;0.627;19;27.06
3;3;2023;T9;A;3;P;13;A3P13;193;0.193;19;27.06
3;3;2023;T9;A;3;R;13;A3R13;0;0;19;27.06
3;3;2023;T9;A;3;P;14;A3P14;0;0;19;27.06
3;3;2023;T9;A;3;R;14;A3R14;0;0;19;27.06
3;3;2023;T9;A;3;F;14;A3F14;0;0;19;27.06
3;3;2023;T9;A;3;F;15;A3F15;0;0;19;27.06
3;3;2023;T9;A;3;R;15;A3R15;0;0;19;27.06
3;3;2023;T9;A;3;P;15;A3P15;799;0.799;19;27.06
3;3;2023;T9;A;3;R;16;A3R16;669;0.669;19;27.06
3;3;2023;T9;A;3;F;16;A3F16;0;0;19;27.06
3;3;2023;T9;A;3;P;16;A3P16;761;0.761;19;27.06
3;3;2023;T9;A;5;P;17;A5P17;689;0.689;19;27.06
3;3;2023;T9;A;5;F;17;A5F17;0;0;19;27.06
3;3;2023;T9;A;5;R;17;A5R17;660;0.66;19;27.06
3;3;2023;T9;A;5;F;18;A5F18;0;0;19;27.06
3;3;2023;T9;A;5;R;18;A5R18;0;0;19;27.06
3;3;2023;T9;A;5;P;18;A5P18;662;0.662;19;27.06
3;3;2023;T9;A;5;R;19;A5R19;0;0;19;27.06
3;3;2023;T9;A;5;P;19;A5P19;723;0.723;19;27.06
3;3;2023;T9;A;5;F;19;A5F19;0;0;19;27.06
3;3;2023;T9;A;5;F;20;A5F20;0;0;19;27.06
3;3;2023;T9;A;5;P;20;A5P20;809;0.809;19;27.06
3;3;2023;T9;A;5;R;20;A5R20;0;0;19;27.06
6;3;2023;T10;C;1;P;1;C1P1;523;0.523;22;27.05
6;3;2023;T10;C;1;R;1;C1R1;697;0.697;22;27.05
6;3;2023;T10;C;1;F;1;C1F1;741;0.741;22;27.05
6;3;2023;T10;C;1;R;2;C1R2;769;0.769;22;27.05
6;3;2023;T10;C;1;P;2;C1P2;679;0.679;22;27.05
6;3;2023;T10;C;1;F;2;C1F2;790;0.79;22;27.05
6;3;2023;T10;C;1;P;3;C1P3;756;0.756;22;27.05
6;3;2023;T10;C;1;F;3;C1F3;697;0.697;22;27.05
6;3;2023;T10;C;1;R;3;C1R3;718;0.718;22;27.05
6;3;2023;T10;C;1;F;4;C1F4;796;0.796;22;27.05
6;3;2023;T10;C;1;R;4;C1R4;732;0.732;22;27.05
6;3;2023;T10;C;1;P;4;C1P4;869;0.869;22;27.05
6;3;2023;T10;A;2;R;9;A2R9;219;0.219;22;27.05
6;3;2023;T10;A;2;F;9;A2F9;0;0;22;27.05
6;3;2023;T10;A;2;P;9;A2P9;697;0.697;22;27.05
6;3;2023;T10;A;2;F;10;A2F10;0;0;22;27.05
6;3;2023;T10;A;2;R;10;A2R10;0;0;22;27.05
6;3;2023;T10;A;2;P;10;A2P10;222;0.222;22;27.05
6;3;2023;T10;A;2;P;11;A2P11;749;0.749;22;27.05
6;3;2023;T10;A;2;R;11;A2R11;0;0;22;27.05
6;3;2023;T10;A;2;F;11;A2F11;0;0;22;27.05
6;3;2023;T10;A;2;F;12;A2F12;203;0.203;22;27.05
6;3;2023;T10;A;2;P;12;A2P12;724;0.724;22;27.05
6;3;2023;T10;A;2;R;12;A2R12;755;0.755;22;27.05
6;3;2023;T10;C;4;F;5;C4F5;728;0.728;22;27.05
6;3;2023;T10;C;4;R;5;C4R5;707;0.707;22;27.05
6;3;2023;T10;C;4;P;5;C4P5;711;0.711;22;27.05
6;3;2023;T10;C;4;R;6;C4R6;651;0.651;22;27.05
6;3;2023;T10;C;4;F;6;C4F6;751;0.751;22;27.05
6;3;2023;T10;C;4;P;6;C4P6;765;0.765;22;27.05
6;3;2023;T10;C;4;R;7;C4R7;678;0.678;22;27.05
6;3;2023;T10;C;4;P;7;C4P7;790;0.79;22;27.05
6;3;2023;T10;C;4;F;7;C4F7;736;0.736;22;27.05
6;3;2023;T10;C;4;P;8;C4P8;750;0.75;22;27.05
6;3;2023;T10;C;4;F;8;C4F8;746;0.746;22;27.05
6;3;2023;T10;C;4;R;8;C4R8;742;0.742;22;27.05
6;3;2023;T10;A;3;F;13;A3F13;627;0.627;22;27.05
6;3;2023;T10;A;3;P;13;A3P13;234;0.234;22;27.05
6;3;2023;T10;A;3;R;13;A3R13;0;0;22;27.05
6;3;2023;T10;A;3;P;14;A3P14;0;0;22;27.05
6;3;2023;T10;A;3;R;14;A3R14;0;0;22;27.05
6;3;2023;T10;A;3;F;14;A3F14;0;0;22;27.05
6;3;2023;T10;A;3;F;15;A3F15;0;0;22;27.05
6;3;2023;T10;A;3;R;15;A3R15;0;0;22;27.05
6;3;2023;T10;A;3;P;15;A3P15;772;0.772;22;27.05
6;3;2023;T10;A;3;R;16;A3R16;636;0.636;22;27.05
6;3;2023;T10;A;3;F;16;A3F16;0;0;22;27.05
6;3;2023;T10;A;3;P;16;A3P16;734;0.734;22;27.05
6;3;2023;T10;A;5;P;17;A5P17;689;0.689;22;27.05
6;3;2023;T10;A;5;F;17;A5F17;0;0;22;27.05
6;3;2023;T10;A;5;R;17;A5R17;758;0.758;22;27.05
6;3;2023;T10;A;5;F;18;A5F18;0;0;22;27.05
6;3;2023;T10;A;5;R;18;A5R18;0;0;22;27.05
6;3;2023;T10;A;5;P;18;A5P18;726;0.726;22;27.05
6;3;2023;T10;A;5;R;19;A5R19;0;0;22;27.05
6;3;2023;T10;A;5;P;19;A5P19;798;0.798;22;27.05
6;3;2023;T10;A;5;F;19;A5F19;0;0;22;27.05
6;3;2023;T10;A;5;F;20;A5F20;620;0.62;22;27.05
6;3;2023;T10;A;5;P;20;A5P20;814;0.814;22;27.05
6;3;2023;T10;A;5;R;20;A5R20;0;0;22;27.05
8;3;2023;T11;C;1;P;1;C1P1;540;0.54;24;27.02
8;3;2023;T11;C;1;R;1;C1R1;769;0.769;24;27.02
8;3;2023;T11;C;1;F;1;C1F1;736;0.736;24;27.02
8;3;2023;T11;C;1;R;2;C1R2;784;0.784;24;27.02
8;3;2023;T11;C;1;P;2;C1P2;786;0.786;24;27.02
8;3;2023;T11;C;1;F;2;C1F2;727;0.727;24;27.02
8;3;2023;T11;C;1;P;3;C1P3;712;0.712;24;27.02
8;3;2023;T11;C;1;F;3;C1F3;765;0.765;24;27.02
8;3;2023;T11;C;1;R;3;C1R3;822;0.822;24;27.02
8;3;2023;T11;C;1;F;4;C1F4;805;0.805;24;27.02
8;3;2023;T11;C;1;R;4;C1R4;718;0.718;24;27.02
8;3;2023;T11;C;1;P;4;C1P4;792;0.792;24;27.02
8;3;2023;T11;A;2;R;9;A2R9;449;0.449;24;27.02
8;3;2023;T11;A;2;F;9;A2F9;0;0;24;27.02
8;3;2023;T11;A;2;P;9;A2P9;697;0.697;24;27.02
8;3;2023;T11;A;2;F;10;A2F10;0;0;24;27.02
8;3;2023;T11;A;2;R;10;A2R10;0;0;24;27.02
8;3;2023;T11;A;2;P;10;A2P10;233;0.233;24;27.02
8;3;2023;T11;A;2;P;11;A2P11;760;0.76;24;27.02
8;3;2023;T11;A;2;R;11;A2R11;0;0;24;27.02
8;3;2023;T11;A;2;F;11;A2F11;0;0;24;27.02
8;3;2023;T11;A;2;F;12;A2F12;738;0.738;24;27.02
8;3;2023;T11;A;2;P;12;A2P12;817;0.817;24;27.02
8;3;2023;T11;A;2;R;12;A2R12;758;0.758;24;27.02
8;3;2023;T11;C;4;F;5;C4F5;740;0.74;24;27.02
8;3;2023;T11;C;4;R;5;C4R5;762;0.762;24;27.02
8;3;2023;T11;C;4;P;5;C4P5;861;0.861;24;27.02
8;3;2023;T11;C;4;R;6;C4R6;786;0.786;24;27.02
8;3;2023;T11;C;4;F;6;C4F6;715;0.715;24;27.02
8;3;2023;T11;C;4;P;6;C4P6;775;0.775;24;27.02
8;3;2023;T11;C;4;R;7;C4R7;646;0.646;24;27.02
8;3;2023;T11;C;4;P;7;C4P7;772;0.772;24;27.02
8;3;2023;T11;C;4;F;7;C4F7;808;0.808;24;27.02
8;3;2023;T11;C;4;P;8;C4P8;737;0.737;24;27.02
8;3;2023;T11;C;4;F;8;C4F8;747;0.747;24;27.02
8;3;2023;T11;C;4;R;8;C4R8;717;0.717;24;27.02
8;3;2023;T11;A;3;F;13;A3F13;637;0.637;24;27.02
8;3;2023;T11;A;3;P;13;A3P13;488;0.488;24;27.02
8;3;2023;T11;A;3;R;13;A3R13;0;0;24;27.02
8;3;2023;T11;A;3;P;14;A3P14;218;0.218;24;27.02
8;3;2023;T11;A;3;R;14;A3R14;0;0;24;27.02
8;3;2023;T11;A;3;F;14;A3F14;0;0;24;27.02
8;3;2023;T11;A;3;F;15;A3F15;0;0;24;27.02
8;3;2023;T11;A;3;R;15;A3R15;0;0;24;27.02
8;3;2023;T11;A;3;P;15;A3P15;822;0.822;24;27.02
8;3;2023;T11;A;3;R;16;A3R16;767;0.767;24;27.02
8;3;2023;T11;A;3;F;16;A3F16;0;0;24;27.02
8;3;2023;T11;A;3;P;16;A3P16;833;0.833;24;27.02
8;3;2023;T11;A;5;P;17;A5P17;728;0.728;24;27.02
8;3;2023;T11;A;5;F;17;A5F17;0;0;24;27.02
8;3;2023;T11;A;5;R;17;A5R17;730;0.73;24;27.02
8;3;2023;T11;A;5;F;18;A5F18;0;0;24;27.02
8;3;2023;T11;A;5;R;18;A5R18;0;0;24;27.02
8;3;2023;T11;A;5;P;18;A5P18;737;0.737;24;27.02
8;3;2023;T11;A;5;R;19;A5R19;0;0;24;27.02
8;3;2023;T11;A;5;P;19;A5P19;804;0.804;24;27.02
8;3;2023;T11;A;5;F;19;A5F19;0;0;24;27.02
8;3;2023;T11;A;5;F;20;A5F20;0;0;24;27.02
8;3;2023;T11;A;5;P;20;A5P20;681;0.681;24;27.02
8;3;2023;T11;A;5;R;20;A5R20;0;0;24;27.02
16;3;2023;T14;C;1;P;1;C1P1;454;0.454;32;27.06
16;3;2023;T14;C;1;R;1;C1R1;769;0.769;32;27.06
16;3;2023;T14;C;1;F;1;C1F1;789;0.789;32;27.06
16;3;2023;T14;C;1;R;2;C1R2;744;0.744;32;27.06
16;3;2023;T14;C;1;P;2;C1P2;650;0.65;32;27.06
16;3;2023;T14;C;1;F;2;C1F2;838;0.838;32;27.06
16;3;2023;T14;C;1;P;3;C1P3;716;0.716;32;27.06
16;3;2023;T14;C;1;F;3;C1F3;670;0.67;32;27.06
16;3;2023;T14;C;1;R;3;C1R3;655;0.655;32;27.06
16;3;2023;T14;C;1;F;4;C1F4;791;0.791;32;27.06
16;3;2023;T14;C;1;R;4;C1R4;796;0.796;32;27.06
16;3;2023;T14;C;1;P;4;C1P4;761;0.761;32;27.06
16;3;2023;T14;A;2;R;9;A2R9;737;0.737;32;27.06
16;3;2023;T14;A;2;F;9;A2F9;0;0;32;27.06
16;3;2023;T14;A;2;P;9;A2P9;794;0.794;32;27.06
16;3;2023;T14;A;2;F;10;A2F10;0;0;32;27.06
16;3;2023;T14;A;2;R;10;A2R10;678;0.678;32;27.06
16;3;2023;T14;A;2;P;10;A2P10;735;0.735;32;27.06
16;3;2023;T14;A;2;P;11;A2P11;0;0;32;27.06
16;3;2023;T14;A;2;R;11;A2R11;462;0.462;32;27.06
16;3;2023;T14;A;2;F;11;A2F11;848;0.848;32;27.06
16;3;2023;T14;A;2;F;12;A2F12;463;0.463;32;27.06
16;3;2023;T14;A;2;P;12;A2P12;775;0.775;32;27.06
16;3;2023;T14;A;2;R;12;A2R12;500;0.5;32;27.06
16;3;2023;T14;C;4;F;5;C4F5;734;0.734;32;27.06
16;3;2023;T14;C;4;P;5;C4P5;762;0.762;32;27.06
16;3;2023;T14;C;4;R;5;C4R5;754;0.754;32;27.06
16;3;2023;T14;C;4;R;6;C4R6;800;0.8;32;27.06
16;3;2023;T14;C;4;F;6;C4F6;813;0.813;32;27.06
16;3;2023;T14;C;4;P;6;C4P6;875;0.875;32;27.06
16;3;2023;T14;C;4;R;7;C4R7;688;0.688;32;27.06
16;3;2023;T14;C;4;P;7;C4P7;854;0.854;32;27.06
16;3;2023;T14;C;4;F;7;C4F7;706;0.706;32;27.06
16;3;2023;T14;C;4;P;8;C4P8;751;0.751;32;27.06
16;3;2023;T14;C;4;F;8;C4F8;807;0.807;32;27.06
16;3;2023;T14;C;4;R;8;C4R8;782;0.782;32;27.06
16;3;2023;T14;A;3;F;13;A3F13;0;0;32;27.06
16;3;2023;T14;A;3;P;13;A3P13;622;0.622;32;27.06
16;3;2023;T14;A;3;R;13;A3R13;443;0.443;32;27.06
16;3;2023;T14;A;3;P;14;A3P14;0;0;32;27.06
16;3;2023;T14;A;3;R;14;A3R14;0;0;32;27.06
16;3;2023;T14;A;3;F;14;A3F14;0;0;32;27.06
16;3;2023;T14;A;3;F;15;A3F15;133;0.133;32;27.06
16;3;2023;T14;A;3;R;15;A3R15;0;0;32;27.06
16;3;2023;T14;A;3;P;15;A3P15;725;0.725;32;27.06
16;3;2023;T14;A;3;R;16;A3R16;0;0;32;27.06
16;3;2023;T14;A;3;F;16;A3F16;0;0;32;27.06
16;3;2023;T14;A;3;P;16;A3P16;656;0.656;32;27.06
16;3;2023;T14;A;5;P;17;A5P17;803;0.803;32;27.06
16;3;2023;T14;A;5;F;17;A5F17;0;0;32;27.06
16;3;2023;T14;A;5;R;17;A5R17;855;0.855;32;27.06
16;3;2023;T14;A;5;F;18;A5F18;0;0;32;27.06
16;3;2023;T14;A;5;R;18;A5R18;0;0;32;27.06
16;3;2023;T14;A;5;P;18;A5P18;781;0.781;32;27.06
16;3;2023;T14;A;5;R;19;A5R19;702;0.702;32;27.06
16;3;2023;T14;A;5;P;19;A5P19;805;0.805;32;27.06
16;3;2023;T14;A;5;F;19;A5F19;0;0;32;27.06
16;3;2023;T14;A;5;F;20;A5F20;0;0;32;27.06
16;3;2023;T14;A;5;P;20;A5P20;709;0.709;32;27.06
16;3;2023;T14;A;5;R;20;A5R20;0;0;32;27.06
20;3;2023;T15;C;1;P;1;C1P1;0;0;36;26.96
20;3;2023;T15;C;1;R;1;C1R1;702;0.702;36;26.96
20;3;2023;T15;C;1;F;1;C1F1;795;0.795;36;26.96
20;3;2023;T15;C;1;R;2;C1R2;819;0.819;36;26.96
20;3;2023;T15;C;1;P;2;C1P2;688;0.688;36;26.96
20;3;2023;T15;C;1;F;2;C1F2;824;0.824;36;26.96
20;3;2023;T15;C;1;P;3;C1P3;782;0.782;36;26.96
20;3;2023;T15;C;1;F;3;C1F3;761;0.761;36;26.96
20;3;2023;T15;C;1;R;3;C1R3;773;0.773;36;26.96
20;3;2023;T15;C;1;F;4;C1F4;772;0.772;36;26.96
20;3;2023;T15;C;1;R;4;C1R4;719;0.719;36;26.96
20;3;2023;T15;C;1;P;4;C1P4;805;0.805;36;26.96
20;3;2023;T15;A;2;R;9;A2R9;660;0.66;36;26.96
20;3;2023;T15;A;2;F;9;A2F9;0;0;36;26.96
20;3;2023;T15;A;2;P;9;A2P9;821;0.821;36;26.96
20;3;2023;T15;A;2;F;10;A2F10;0;0;36;26.96
20;3;2023;T15;A;2;R;10;A2R10;248;0.248;36;26.96
20;3;2023;T15;A;2;P;10;A2P10;759;0.759;36;26.96
20;3;2023;T15;A;2;P;11;A2P11;0;0;36;26.96
20;3;2023;T15;A;2;R;11;A2R11;466;0.466;36;26.96
20;3;2023;T15;A;2;F;11;A2F11;815;0.815;36;26.96
20;3;2023;T15;A;2;F;12;A2F12;371;0.371;36;26.96
20;3;2023;T15;A;2;P;12;A2P12;761;0.761;36;26.96
20;3;2023;T15;A;2;R;12;A2R12;747;0.747;36;26.96
20;3;2023;T15;C;4;F;5;C4F5;756;0.756;36;26.96
20;3;2023;T15;C;4;P;5;C4P5;779;0.779;36;26.96
20;3;2023;T15;C;4;R;5;C4R5;795;0.795;36;26.96
20;3;2023;T15;C;4;R;6;C4R6;710;0.71;36;26.96
20;3;2023;T15;C;4;F;6;C4F6;819;0.819;36;26.96
20;3;2023;T15;C;4;P;6;C4P6;739;0.739;36;26.96
20;3;2023;T15;C;4;R;7;C4R7;679;0.679;36;26.96
20;3;2023;T15;C;4;P;7;C4P7;783;0.783;36;26.96
20;3;2023;T15;C;4;F;7;C4F7;843;0.843;36;26.96
20;3;2023;T15;C;4;P;8;C4P8;733;0.733;36;26.96
20;3;2023;T15;C;4;F;8;C4F8;762;0.762;36;26.96
20;3;2023;T15;C;4;R;8;C4R8;681;0.681;36;26.96
20;3;2023;T15;A;3;F;13;A3F13;458;0.458;36;26.96
20;3;2023;T15;A;3;P;13;A3P13;667;0.667;36;26.96
20;3;2023;T15;A;3;R;13;A3R13;0;0;36;26.96
20;3;2023;T15;A;3;P;14;A3P14;751;0.751;36;26.96
20;3;2023;T15;A;3;R;14;A3R14;0;0;36;26.96
20;3;2023;T15;A;3;F;14;A3F14;0;0;36;26.96
20;3;2023;T15;A;3;F;15;A3F15;196;0.196;36;26.96
20;3;2023;T15;A;3;R;15;A3R15;0;0;36;26.96
20;3;2023;T15;A;3;P;15;A3P15;636;0.636;36;26.96
20;3;2023;T15;A;3;R;16;A3R16;0;0;36;26.96
20;3;2023;T15;A;3;F;16;A3F16;0;0;36;26.96
20;3;2023;T15;A;3;P;16;A3P16;678;0.678;36;26.96
20;3;2023;T15;A;5;P;17;A5P17;761;0.761;36;26.96
20;3;2023;T15;A;5;F;17;A5F17;0;0;36;26.96
20;3;2023;T15;A;5;R;17;A5R17;0;0;36;26.96
20;3;2023;T15;A;5;F;18;A5F18;0;0;36;26.96
20;3;2023;T15;A;5;R;18;A5R18;208;0.208;36;26.96
20;3;2023;T15;A;5;P;18;A5P18;801;0.801;36;26.96
20;3;2023;T15;A;5;R;19;A5R19;249;0.249;36;26.96
20;3;2023;T15;A;5;P;19;A5P19;739;0.739;36;26.96
20;3;2023;T15;A;5;F;19;A5F19;0;0;36;26.96
20;3;2023;T15;A;5;F;20;A5F20;0;0;36;26.96
20;3;2023;T15;A;5;P;20;A5P20;873;0.873;36;26.96
20;3;2023;T15;A;5;R;20;A5R20;0;0;36;26.96
22;3;2023;T16;C;1;P;1;C1P1;0;0;38;27.29
22;3;2023;T16;C;1;R;1;C1R1;703;0.703;38;27.29
22;3;2023;T16;C;1;F;1;C1F1;781;0.781;38;27.29
22;3;2023;T16;C;1;R;2;C1R2;703;0.703;38;27.29
22;3;2023;T16;C;1;P;2;C1P2;715;0.715;38;27.29
22;3;2023;T16;C;1;F;2;C1F2;697;0.697;38;27.29
22;3;2023;T16;C;1;P;3;C1P3;701;0.701;38;27.29
22;3;2023;T16;C;1;F;3;C1F3;721;0.721;38;27.29
22;3;2023;T16;C;1;R;3;C1R3;0;0;38;27.29
22;3;2023;T16;C;1;F;4;C1F4;737;0.737;38;27.29
22;3;2023;T16;C;1;R;4;C1R4;697;0.697;38;27.29
22;3;2023;T16;C;1;P;4;C1P4;697;0.697;38;27.29
22;3;2023;T16;A;2;R;9;A2R9;675;0.675;38;27.29
22;3;2023;T16;A;2;F;9;A2F9;0;0;38;27.29
22;3;2023;T16;A;2;P;9;A2P9;714;0.714;38;27.29
22;3;2023;T16;A;2;F;10;A2F10;0;0;38;27.29
22;3;2023;T16;A;2;R;10;A2R10;666;0.666;38;27.29
22;3;2023;T16;A;2;P;10;A2P10;718;0.718;38;27.29
22;3;2023;T16;A;2;P;11;A2P11;0;0;38;27.29
22;3;2023;T16;A;2;R;11;A2R11;696;0.696;38;27.29
22;3;2023;T16;A;2;F;11;A2F11;775;0.775;38;27.29
22;3;2023;T16;A;2;F;12;A2F12;678;0.678;38;27.29
22;3;2023;T16;A;2;P;12;A2P12;696;0.696;38;27.29
22;3;2023;T16;A;2;R;12;A2R12;726;0.726;38;27.29
22;3;2023;T16;C;4;F;5;C4F5;752;0.752;38;27.29
22;3;2023;T16;C;4;P;5;C4P5;703;0.703;38;27.29
22;3;2023;T16;C;4;R;5;C4R5;697;0.697;38;27.29
22;3;2023;T16;C;4;R;6;C4R6;720;0.72;38;27.29
22;3;2023;T16;C;4;F;6;C4F6;685;0.685;38;27.29
22;3;2023;T16;C;4;P;6;C4P6;739;0.739;38;27.29
22;3;2023;T16;C;4;R;7;C4R7;621;0.621;38;27.29
22;3;2023;T16;C;4;P;7;C4P7;707;0.707;38;27.29
22;3;2023;T16;C;4;F;7;C4F7;738;0.738;38;27.29
22;3;2023;T16;C;4;P;8;C4P8;735;0.735;38;27.29
22;3;2023;T16;C;4;F;8;C4F8;739;0.739;38;27.29
22;3;2023;T16;C;4;R;8;C4R8;773;0.773;38;27.29
22;3;2023;T16;A;3;F;13;A3F13;235;0.235;38;27.29
22;3;2023;T16;A;3;P;13;A3P13;643;0.643;38;27.29
22;3;2023;T16;A;3;R;13;A3R13;0;0;38;27.29
22;3;2023;T16;A;3;P;14;A3P14;703;0.703;38;27.29
22;3;2023;T16;A;3;R;14;A3R14;0;0;38;27.29
22;3;2023;T16;A;3;F;14;A3F14;0;0;38;27.29
22;3;2023;T16;A;3;F;15;A3F15;0;0;38;27.29
22;3;2023;T16;A;3;R;15;A3R15;0;0;38;27.29
22;3;2023;T16;A;3;P;15;A3P15;622;0.622;38;27.29
22;3;2023;T16;A;3;R;16;A3R16;0;0;38;27.29
22;3;2023;T16;A;3;F;16;A3F16;0;0;38;27.29
22;3;2023;T16;A;3;P;16;A3P16;631;0.631;38;27.29
22;3;2023;T16;A;5;P;17;A5P17;789;0.789;38;27.29
22;3;2023;T16;A;5;F;17;A5F17;0;0;38;27.29
22;3;2023;T16;A;5;R;17;A5R17;0;0;38;27.29
22;3;2023;T16;A;5;F;18;A5F18;0;0;38;27.29
22;3;2023;T16;A;5;R;18;A5R18;595;0.595;38;27.29
22;3;2023;T16;A;5;P;18;A5P18;837;0.837;38;27.29
22;3;2023;T16;A;5;R;19;A5R19;731;0.731;38;27.29
22;3;2023;T16;A;5;P;19;A5P19;691;0.691;38;27.29
22;3;2023;T16;A;5;F;19;A5F19;0;0;38;27.29
22;3;2023;T16;A;5;F;20;A5F20;0;0;38;27.29
22;3;2023;T16;A;5;P;20;A5P20;806;0.806;38;27.29
22;3;2023;T16;A;5;R;20;A5R20;0;0;38;27.29
24;3;2023;T17;C;1;P;1;C1P1;0;0;40;27.17
24;3;2023;T17;C;1;R;1;C1R1;804;0.804;40;27.17
24;3;2023;T17;C;1;F;1;C1F1;851;0.851;40;27.17
24;3;2023;T17;C;1;R;2;C1R2;790;0.79;40;27.17
24;3;2023;T17;C;1;P;2;C1P2;819;0.819;40;27.17
24;3;2023;T17;C;1;F;2;C1F2;877;0.877;40;27.17
24;3;2023;T17;C;1;P;3;C1P3;726;0.726;40;27.17
24;3;2023;T17;C;1;F;3;C1F3;751;0.751;40;27.17
24;3;2023;T17;C;1;R;3;C1R3;0;0;40;27.17
24;3;2023;T17;C;1;F;4;C1F4;778;0.778;40;27.17
24;3;2023;T17;C;1;R;4;C1R4;761;0.761;40;27.17
24;3;2023;T17;C;1;P;4;C1P4;863;0.863;40;27.17
24;3;2023;T17;A;2;R;9;A2R9;726;0.726;40;27.17
24;3;2023;T17;A;2;F;9;A2F9;0;0;40;27.17
24;3;2023;T17;A;2;P;9;A2P9;792;0.792;40;27.17
24;3;2023;T17;A;2;F;10;A2F10;0;0;40;27.17
24;3;2023;T17;A;2;R;10;A2R10;762;0.762;40;27.17
24;3;2023;T17;A;2;P;10;A2P10;760;0.76;40;27.17
24;3;2023;T17;A;2;F;11;A2F11;0;0;40;27.17
24;3;2023;T17;A;2;R;11;A2R11;679;0.679;40;27.17
24;3;2023;T17;A;2;P;11;A2P11;797;0.797;40;27.17
24;3;2023;T17;A;2;F;12;A2F12;741;0.741;40;27.17
24;3;2023;T17;A;2;P;12;A2P12;814;0.814;40;27.17
24;3;2023;T17;A;2;R;12;A2R12;826;0.826;40;27.17
24;3;2023;T17;C;4;F;5;C4F5;746;0.746;40;27.17
24;3;2023;T17;C;4;P;5;C4P5;839;0.839;40;27.17
24;3;2023;T17;C;4;R;5;C4R5;760;0.76;40;27.17
24;3;2023;T17;C;4;R;6;C4R6;664;0.664;40;27.17
24;3;2023;T17;C;4;F;6;C4F6;800;0.8;40;27.17
24;3;2023;T17;C;4;P;6;C4P6;849;0.849;40;27.17
24;3;2023;T17;C;4;R;7;C4R7;640;0.64;40;27.17
24;3;2023;T17;C;4;P;7;C4P7;867;0.867;40;27.17
24;3;2023;T17;C;4;F;7;C4F7;824;0.824;40;27.17
24;3;2023;T17;C;4;P;8;C4P8;751;0.751;40;27.17
24;3;2023;T17;C;4;F;8;C4F8;714;0.714;40;27.17
24;3;2023;T17;C;4;R;8;C4R8;738;0.738;40;27.17
24;3;2023;T17;A;3;F;13;A3F13;244;0.244;40;27.17
24;3;2023;T17;A;3;P;13;A3P13;672;0.672;40;27.17
24;3;2023;T17;A;3;R;13;A3R13;0;0;40;27.17
24;3;2023;T17;A;3;P;14;A3P14;670;0.67;40;27.17
24;3;2023;T17;A;3;R;14;A3R14;0;0;40;27.17
24;3;2023;T17;A;3;F;14;A3F14;0;0;40;27.17
24;3;2023;T17;A;3;F;15;A3F15;0;0;40;27.17
24;3;2023;T17;A;3;R;15;A3R15;0;0;40;27.17
24;3;2023;T17;A;3;P;15;A3P15;759;0.759;40;27.17
24;3;2023;T17;A;3;R;16;A3R16;0;0;40;27.17
24;3;2023;T17;A;3;F;16;A3F16;0;0;40;27.17
24;3;2023;T17;A;3;P;16;A3P16;767;0.767;40;27.17
24;3;2023;T17;A;5;P;17;A5P17;752;0.752;40;27.17
24;3;2023;T17;A;5;F;17;A5F17;0;0;40;27.17
24;3;2023;T17;A;5;R;17;A5R17;0;0;40;27.17
24;3;2023;T17;A;5;F;18;A5F18;0;0;40;27.17
24;3;2023;T17;A;5;R;18;A5R18;500;0.5;40;27.17
24;3;2023;T17;A;5;P;18;A5P18;821;0.821;40;27.17
24;3;2023;T17;A;5;R;19;A5R19;657;0.657;40;27.17
24;3;2023;T17;A;5;P;19;A5P19;792;0.792;40;27.17
24;3;2023;T17;A;5;F;19;A5F19;0;0;40;27.17
24;3;2023;T17;A;5;F;20;A5F20;0;0;40;27.17
24;3;2023;T17;A;5;P;20;A5P20;813;0.813;40;27.17
24;3;2023;T17;A;5;R;20;A5R20;0;0;40;27.17
27;3;2023;T18;C;1;P;1;C1P1;0;0;43;27.09
27;3;2023;T18;C;1;R;1;C1R1;798;0.798;43;27.09
27;3;2023;T18;C;1;F;1;C1F1;781;0.781;43;27.09
27;3;2023;T18;C;1;R;2;C1R2;766;0.766;43;27.09
27;3;2023;T18;C;1;P;2;C1P2;906;0.906;43;27.09
27;3;2023;T18;C;1;F;2;C1F2;858;0.858;43;27.09
27;3;2023;T18;C;1;P;3;C1P3;742;0.742;43;27.09
27;3;2023;T18;C;1;F;3;C1F3;750;0.75;43;27.09
27;3;2023;T18;C;1;R;3;C1R3;0;0;43;27.09
27;3;2023;T18;C;1;F;4;C1F4;795;0.795;43;27.09
27;3;2023;T18;C;1;R;4;C1R4;765;0.765;43;27.09
27;3;2023;T18;C;1;P;4;C1P4;787;0.787;43;27.09
27;3;2023;T18;A;2;R;9;A2R9;691;0.691;43;27.09
27;3;2023;T18;A;2;F;9;A2F9;250;0.25;43;27.09
27;3;2023;T18;A;2;P;9;A2P9;701;0.701;43;27.09
27;3;2023;T18;A;2;F;10;A2F10;0;0;43;27.09
27;3;2023;T18;A;2;R;10;A2R10;630;0.63;43;27.09
27;3;2023;T18;A;2;P;10;A2P10;843;0.843;43;27.09
27;3;2023;T18;A;2;F;11;A2F11;0;0;43;27.09
27;3;2023;T18;A;2;R;11;A2R11;822;0.822;43;27.09
27;3;2023;T18;A;2;P;11;A2P11;847;0.847;43;27.09
27;3;2023;T18;A;2;F;12;A2F12;661;0.661;43;27.09
27;3;2023;T18;A;2;P;12;A2P12;871;0.871;43;27.09
27;3;2023;T18;A;2;R;12;A2R12;823;0.823;43;27.09
27;3;2023;T18;C;4;F;5;C4F5;717;0.717;43;27.09
27;3;2023;T18;C;4;P;5;C4P5;769;0.769;43;27.09
27;3;2023;T18;C;4;R;5;C4R5;612;0.612;43;27.09
27;3;2023;T18;C;4;R;6;C4R6;731;0.731;43;27.09
27;3;2023;T18;C;4;F;6;C4F6;654;0.654;43;27.09
27;3;2023;T18;C;4;P;6;C4P6;836;0.836;43;27.09
27;3;2023;T18;C;4;R;7;C4R7;684;0.684;43;27.09
27;3;2023;T18;C;4;P;7;C4P7;864;0.864;43;27.09
27;3;2023;T18;C;4;F;7;C4F7;690;0.69;43;27.09
27;3;2023;T18;C;4;P;8;C4P8;798;0.798;43;27.09
27;3;2023;T18;C;4;F;8;C4F8;706;0.706;43;27.09
27;3;2023;T18;C;4;R;8;C4R8;727;0.727;43;27.09
27;3;2023;T18;A;3;F;13;A3F13;209;0.209;43;27.09
27;3;2023;T18;A;3;P;13;A3P13;801;0.801;43;27.09
27;3;2023;T18;A;3;R;13;A3R13;0;0;43;27.09
27;3;2023;T18;A;3;P;14;A3P14;708;0.708;43;27.09
27;3;2023;T18;A;3;R;14;A3R14;0;0;43;27.09
27;3;2023;T18;A;3;F;14;A3F14;0;0;43;27.09
27;3;2023;T18;A;3;F;15;A3F15;0;0;43;27.09
27;3;2023;T18;A;3;R;15;A3R15;0;0;43;27.09
27;3;2023;T18;A;3;P;15;A3P15;753;0.753;43;27.09
27;3;2023;T18;A;3;R;16;A3R16;0;0;43;27.09
27;3;2023;T18;A;3;F;16;A3F16;0;0;43;27.09
27;3;2023;T18;A;3;P;16;A3P16;850;0.85;43;27.09
27;3;2023;T18;A;5;P;17;A5P17;752;0.752;43;27.09
27;3;2023;T18;A;5;F;17;A5F17;0;0;43;27.09
27;3;2023;T18;A;5;R;17;A5R17;0;0;43;27.09
27;3;2023;T18;A;5;F;18;A5F18;0;0;43;27.09
27;3;2023;T18;A;5;R;18;A5R18;471;0.471;43;27.09
27;3;2023;T18;A;5;P;18;A5P18;860;0.86;43;27.09
27;3;2023;T18;A;5;R;19;A5R19;682;0.682;43;27.09
27;3;2023;T18;A;5;P;19;A5P19;886;0.886;43;27.09
27;3;2023;T18;A;5;F;19;A5F19;0;0;43;27.09
27;3;2023;T18;A;5;F;20;A5F20;0;0;43;27.09
27;3;2023;T18;A;5;P;20;A5P20;767;0.767;43;27.09
27;3;2023;T18;A;5;R;20;A5R20;0;0;43;27.09
29;3;2023;T19;C;1;P;1;C1P1;0;0;45;27.04
29;3;2023;T19;C;1;R;1;C1R1;766;0.766;45;27.04
29;3;2023;T19;C;1;F;1;C1F1;730;0.73;45;27.04
29;3;2023;T19;C;1;R;2;C1R2;675;0.675;45;27.04
29;3;2023;T19;C;1;P;2;C1P2;715;0.715;45;27.04
29;3;2023;T19;C;1;F;2;C1F2;713;0.713;45;27.04
29;3;2023;T19;C;1;P;3;C1P3;710;0.71;45;27.04
29;3;2023;T19;C;1;F;3;C1F3;606;0.606;45;27.04
29;3;2023;T19;C;1;R;3;C1R3;0;0;45;27.04
29;3;2023;T19;C;1;F;4;C1F4;771;0.771;45;27.04
29;3;2023;T19;C;1;R;4;C1R4;781;0.781;45;27.04
29;3;2023;T19;C;1;P;4;C1P4;742;0.742;45;27.04
29;3;2023;T19;A;2;R;9;A2R9;697;0.697;45;27.04
29;3;2023;T19;A;2;F;9;A2F9;692;0.692;45;27.04
29;3;2023;T19;A;2;P;9;A2P9;667;0.667;45;27.04
29;3;2023;T19;A;2;F;10;A2F10;0;0;45;27.04
29;3;2023;T19;A;2;R;10;A2R10;666;0.666;45;27.04
29;3;2023;T19;A;2;P;10;A2P10;712;0.712;45;27.04
29;3;2023;T19;A;2;F;11;A2F11;0;0;45;27.04
29;3;2023;T19;A;2;R;11;A2R11;732;0.732;45;27.04
29;3;2023;T19;A;2;P;11;A2P11;738;0.738;45;27.04
29;3;2023;T19;A;2;F;12;A2F12;698;0.698;45;27.04
29;3;2023;T19;A;2;P;12;A2P12;696;0.696;45;27.04
29;3;2023;T19;A;2;R;12;A2R12;737;0.737;45;27.04
29;3;2023;T19;C;4;F;5;C4F5;684;0.684;45;27.04
29;3;2023;T19;C;4;P;5;C4P5;688;0.688;45;27.04
29;3;2023;T19;C;4;R;5;C4R5;506;0.506;45;27.04
29;3;2023;T19;C;4;R;6;C4R6;634;0.634;45;27.04
29;3;2023;T19;C;4;F;6;C4F6;761;0.761;45;27.04
29;3;2023;T19;C;4;P;6;C4P6;659;0.659;45;27.04
29;3;2023;T19;C;4;R;7;C4R7;645;0.645;45;27.04
29;3;2023;T19;C;4;P;7;C4P7;698;0.698;45;27.04
29;3;2023;T19;C;4;F;7;C4F7;529;0.529;45;27.04
29;3;2023;T19;C;4;P;8;C4P8;707;0.707;45;27.04
29;3;2023;T19;C;4;F;8;C4F8;737;0.737;45;27.04
29;3;2023;T19;C;4;R;8;C4R8;702;0.702;45;27.04
29;3;2023;T19;A;3;F;13;A3F13;421;0.421;45;27.04
29;3;2023;T19;A;3;P;13;A3P13;670;0.67;45;27.04
29;3;2023;T19;A;3;R;13;A3R13;0;0;45;27.04
29;3;2023;T19;A;3;P;14;A3P14;706;0.706;45;27.04
29;3;2023;T19;A;3;R;14;A3R14;0;0;45;27.04
29;3;2023;T19;A;3;F;14;A3F14;0;0;45;27.04
29;3;2023;T19;A;3;F;15;A3F15;0;0;45;27.04
29;3;2023;T19;A;3;R;15;A3R15;0;0;45;27.04
29;3;2023;T19;A;3;P;15;A3P15;707;0.707;45;27.04
29;3;2023;T19;A;3;R;16;A3R16;0;0;45;27.04
29;3;2023;T19;A;3;F;16;A3F16;0;0;45;27.04
29;3;2023;T19;A;3;P;16;A3P16;748;0.748;45;27.04
29;3;2023;T19;A;5;P;17;A5P17;679;0.679;45;27.04
29;3;2023;T19;A;5;F;17;A5F17;0;0;45;27.04
29;3;2023;T19;A;5;R;17;A5R17;0;0;45;27.04
29;3;2023;T19;A;5;F;18;A5F18;0;0;45;27.04
29;3;2023;T19;A;5;R;18;A5R18;683;0.683;45;27.04
29;3;2023;T19;A;5;P;18;A5P18;706;0.706;45;27.04
29;3;2023;T19;A;5;R;19;A5R19;713;0.713;45;27.04
29;3;2023;T19;A;5;P;19;A5P19;754;0.754;45;27.04
29;3;2023;T19;A;5;F;19;A5F19;0;0;45;27.04
29;3;2023;T19;A;5;F;20;A5F20;0;0;45;27.04
29;3;2023;T19;A;5;P;20;A5P20;729;0.729;45;27.04
29;3;2023;T19;A;5;R;20;A5R20;0;0;45;27.04
